"프린터의 인자 속도","The printer's printing speed"
"다리를 꼭꼭 주물러라","Massage your legs thoroughly"
"언론과 출판의 자유","Freedom of the press and publication"
"이 물건 좀 그렇지?","This item is kind of so-so, isn't it?"
"200해리 경제 수역 설정","Establishment of a 200-nautical-mile exclusive economic zone"
"무허가 건물 철거","Demolition of unpermitted buildings"
"나이보다 숙성한 아이","A child more mature than their age"
"정부 산하 공기업","A state-run public enterprise under the government"
"학생에게 엄한 선생님","A strict teacher with students"
"유유히 흐르는 강물","A river flowing calmly"
"못다 한 이야기","An unfinished story"
"얼굴이 화끈하는 느낌","A hot, flushed feeling in the face"
"라면 한 젓가락만 먹을게","I'll just take one bite of the ramen"
"제발 살려 주세요","Please, save me"
"근육이 잘 발달한 선수","An athlete with well-developed muscles"
"3학년 5반 교실","The classroom of Grade 3, Class 5"
"쓸데없는 얘기는 집어치워라","Cut the pointless talk"
"계산이 맞는지를 검토해 보자","Let's check whether the calculations are correct"
"병색 어린 창백한 피부","Pale skin with a sickly hue"
"의정 활동 보고서","A report on legislative activities"
"이 바보 먹통아!","You idiot, you blockhead!"
"국제 수지 악화","A worsening international balance of payments"
"회색빛 시멘트 건물","A gray cement building"
"예술과 철학의 공통점","The common ground between art and philosophy"
"별이 무수히 반짝이는 밤하늘","A night sky where countless stars twinkle"
"선거철 철새 공방","Election-season sparring over political turncoats"
"느티나무 한 주","One zelkova tree"
"악명 높은 존재","A notorious figure"
"구름이 유연한 하늘","A sky with soft, flowing clouds"
"온화한 성품의 소유자","A person with a gentle temperament"
"그따위 말버릇을 어디서 배웠니?","Where did you pick up that kind of way of speaking?"
"솜을 도톰하게 두어 만든 이불","A quilt made with thick padding of cotton"
"부모 형제 없이 고단한 처지","A hard life without parents or siblings"
"아이들의 순진한 호기심","Children's innocent curiosity"
"한 수만 물러 주게","Give me a one-move handicap"
"얼굴형에 맞는 화장법","Makeup that suits your face shape"
"샘이 많은 동생","A younger sibling who gets jealous easily"
"삼 정보 미만의 농지","Farmland under three jeongbo"
"중학생을 위한 전 과목 학습지","All-subject study materials for middle schoolers"
"강경 노선 고수","Sticking to a hardline stance"
"김 후보를 국회로 보냅시다!","Let's send Candidate Kim to the National Assembly!"
"난국 타개의 숙제","The task of overcoming a national crisis"
"영양가가 많은 식품","Nutrient-rich food"
"폭력배가 날뛰는 거리","A street where thugs run rampant"
"차기 총장 후보자","A candidate for the next president"
"내 말을 즉각 시행하라","Carry out my orders immediately"
"금융 실명제 실시","Implementation of the real-name financial system"
"황금 같은 세월","Golden years"
"공화국의 창출 과정","The process of creating a republic"
"한우 선물 세트","A gift set of Korean beef"
"예술 창작 활동","Artistic creative activities"
"하염없이 흐르는 눈물","Tears flowing endlessly"
"방수와 방한이 잘되는 등산복","Hiking gear that is both waterproof and warm"
"성의 노골적 묘사","Explicit depictions of sex"
"미온적인 대처 방안","A lukewarm response plan"
"현대 미술의 아버지","The father of modern art"
"화성 탐사 로봇","A Mars exploration robot"
"나비야, 이리 온!","Butterfly, come here!"
"밥상은 게다 놓고 나가라","Set the table over there before you go out"
"민간인 대량 학살","Massacre of civilians"
"세상을 뒤흔든 어음 사기 사건","A promissory note fraud case that shook the nation"
"요사이 어떻게 지내니?","How have you been lately?"
"벅찬 감동을 주는 예술 작품","A work of art that moves you deeply"
"지난번에 한 부탁 잊지 마","Don't forget the favor I asked last time"
"수익률이 높은 상품","A product with a high rate of return"
"상민으로 전락한 양반의 자손","Descendants of a yangban who fell to commoner status"
"얼마간 시간의 여유를 주시오","Please give me a little time"
"급박한 상황 변화","An abrupt change in circumstances"
"기적적 경제 성장","Miraculous economic growth"
"눈보라가 치는 겨울 들판","A winter field in a snowstorm"
"난생처음으로 보고 들은 일","Something I saw and heard for the first time in my life"
"한국어 말하기 대회","A Korean speech contest"
"회의 중 외인 출입 금지","No outsiders allowed during the meeting"
"우상을 섬기지 마라","Do not worship idols"
"마포로 짠 수의","A shroud woven from hemp"
"농도 짙은 액체","A highly concentrated liquid"
"기묘하게 생긴 바위","A strangely shaped rock"
"신약 개발 본격화","Full-scale development of new drugs"
"교류를 직류로 변환하는 어댑터","An adapter that converts AC to DC"
"다중 전송 기술","Multi-channel transmission technology"
"다이아몬드가 박힌 결혼반지","A wedding ring set with diamonds"
"벽에 달린 액자","A picture frame hanging on the wall"
"1차 진료 기관","A primary care clinic"
"혈압이 낮은 사람","A person with low blood pressure"
"내가 이럴 줄 알았다니까","I knew it would turn out like this"
"거품을 뺀 가격","A price with the fluff stripped out"
"소란을 피우지 마라","Don't make a commotion"
"창 안을 들여다보는 게 누구야!","Who's peeking in through the window!"
"책상 대용의 밥상","A table used in place of a desk"
"윤곽이 뚜렷한 얼굴","A face with sharp features"
"우승에는 턱없는 실력","Nowhere near good enough to win"
"냉전 시대의 종결","The end of the Cold War era"
"탈세 의혹 은폐","Cover-up of tax evasion allegations"
"이 나라를 짊어지고 나갈 일꾼","Workers who will carry this country forward"
"모래가 깔린 씨름 경기장","A ssireum arena covered with sand"
"해결 방안의 모색","Seeking a solution"
"땀 흘려 지은 농작","Crops grown with hard work and sweat"
"원작에 충실한 번역","A translation faithful to the original"
"하늘 높이 회상하는 매","A falcon soaring high in the sky"
"돈이 좀 모였어?","Have you saved up some money?"
"애인이 있어야 결혼을 하지요","You need a lover to get married"
"내 말 알아듣겠니?","Do you understand what I'm saying?"
"볼을 대서 기운 양말","Socks mended by patching the heel"
"국가의 근간 사업","A foundational project of the state"
"음성 감지가 가능한 컴퓨터","A computer capable of voice detection"
"같은 리듬의 반복","Repetition of the same rhythm"
"심혈을 기울여 만든 작품","A work made with great care and devotion"
"인체의 거부 반응","The body's rejection response"
"이것이 정녕 꿈은 아니겠지요?","This isn't really a dream, is it?"
"여신 관리 규정","Regulations for managing debt"
"집에 누구누구 있지?","Who all is at home?"
"으흠! 어른을 몰라보다니","Ahem! How dare you not recognize your elders"
"꼬리를 길게 늘어뜨린 연","A kite with a long trailing tail"
"자금 100년 전","A century ago"
"예술가적 기질을 타고난 작가","A writer born with an artistic temperament"
"위대한 자연의 힘","The great power of nature"
"산업 혁명 이전","Before the Industrial Revolution"
"5만 명에 육박하는 관중들","Spectators numbering close to 50,000"
"높은 벼슬과 후한 봉록","A high office and a generous stipend"
"불의에 찾아온 재난","A disaster brought on by injustice"
"공장의 생산 실적","The factory's production results"
"고대 국가의 출현","The emergence of ancient states"
"입씨름 좀 그만둬라","Stop bickering"
"아무 염려 마십시오","Please don't worry at all"
"연필 다섯 자루","Five pencils"
"여유 있는 태도","A relaxed attitude"
"왕골로 엮인 돗자리","A straw mat woven from rush"
"우주의 생성과 소멸","The birth and death of the universe"
"남북 관계의 먹구름","Dark clouds over inter-Korean relations"
"부모님 집에서 업어 온 에어컨","An air conditioner I carried over from my parents' house"
"아가! 이리 온","Baby! Come here"
"밉지도 곱지도 않은 얼굴","A face that's neither likable nor unlikable"
"아침에 까치가 와서 짖었어","A magpie came and chattered this morning"
"기술자를 양성하는 학원","An institute that trains technicians"
"이웃과 더불어 사는 세상","A world where we live together with our neighbors"
"호수에 비친 달의 그림자","The moon's reflection on the lake"
"계층 간의 갈등","Conflict between social classes"
"내 당대에 모은 재산","Wealth I amassed in my lifetime"
"초반 주식 시장","The early stock market"
"회담의 진행 상황","The progress of the talks"
"면회를 접수하는 간수","A guard who registers visits"
"굉장히 빠른 속도","An extremely fast speed"
"인수 분해 공식","A factorization formula"
"아파트 청약 신청","Applying for an apartment subscription"
"오늘의 경제 발전","Today's economic development"
"아래층에 사는 사람","The person who lives downstairs"
"너에게만 비밀을 가르쳐 주마","I'll tell you a secret—just you"
"키만 머쓱하게 큰 사람","Someone who's awkwardly tall"
"혹시 절 모르시겠습니까?","Do you perhaps not recognize me?"
"실전 경험이 많은 노병사","A veteran soldier with lots of combat experience"
"밤사이 별고 없으셨습니까?","Did anything happen overnight?"
"소포 두 꾸러미","Two parcels"
"체육 대회 개막","Opening of the sports festival"
"회사 기밀 유출","Leak of company secrets"
"정치범의 사면 석방","Pardon and release of political prisoners"
"고구마 한 무더기","A pile of sweet potatoes"
"머리 아픈 문제","A headache-inducing problem"
"응접실이 딸린 이 층 방","A second-floor room with a sitting room"
"거짓말을 하면 못써","You mustn't lie"
"생사로 짠 갑사","Armor woven from raw silk"
"도라지 열 뿌리","Ten roots of balloon flower"
"대낮부터 웬 술을 그렇게 마시니?","Why are you drinking so much from the middle of the day?"
"그쪽 일은 어떻게 됐습니까?","How did that matter on your end turn out?"
"노사 간의 갈등","Labor-management conflict"
"따가운 여름 햇살","The scorching summer sun"
"시큼한 땀 냄새","A sour smell of sweat"
"환경 오염의 주범","The main culprit of environmental pollution"
"해발 1,950미터의 한라산","Hallasan at 1,950 meters above sea level"
"잔소리 좀 그만해라","Stop nagging"
"웬일로 여기까지 다 왔니?","What brings you all the way here?"
"동풍이 부는 날","A day when the east wind blows"
"취미 삼아 하는 일","Something done as a hobby"
"물질 만능의 시대","An age of materialism"
"조심이 많은 사람","A very cautious person"
"목표 생산량 돌파","Surpassing the target output"
"시꺼멓게 탄 숯검정","Pitch-black, charred charcoal"
"하늘 같은 황상의 위엄","The august majesty of the emperor"
"그가 몸담았던 언론계","The media world he belonged to"
"야성미가 풍기는 몸짓","A gesture that exudes wildness"
"외계에서 온 사람","A person from another world"
"확신에 찬 목소리","A voice full of conviction"
"국적 불명의 비행기","An aircraft of unknown nationality"
"자연환경에 따른 문화의 차이","Cultural differences shaped by the natural environment"
"장기 기증 운동","The organ donation campaign"
"우리의 전통 가락","Our traditional melodies"
"엄마와 뽀뽀하는 아기","A baby kissing mom"
"오늘 일을 내일로 미루지 말자","Let's not put off today's work until tomorrow"
"시설물 분산 배치","Distributed placement of facilities"
"아래가 퍼진 스커트","A skirt that flares at the bottom"
"진열대 위의 화려한 전시물","A fancy display on the shelf"
"꽃병에 꽂혀 있는 붉은 장미","Red roses arranged in a vase"
"신문에 보도된 사건","An incident reported in the newspaper"
"술이 넘치지 않게 따라라","Pour carefully so it doesn't spill"
"교육 과정 개편","A curriculum overhaul"
"각종 산업의 지역적 분포","The regional distribution of various industries"
"철망 속에 갇힌 원숭이","A monkey trapped behind wire mesh"
"위험한 곳에는 가지 마라","Don't go to dangerous places"
"저것을 좀 보십시오","Please take a look at that"
"선거권 및 피선거권 박탈","Revocation of voting and candidacy rights"
"천하장사 순위 결정전","A tournament to determine the strongest man's rankings"
"미래에 대한 예언","A prophecy about the future"
"생명력이 강한 식물","A hardy, vigorous plant"
"자기력의 반발 현상","The repelling effect of magnetic force"
"어지간하면 네가 참아라","If you can, just hold it in"
"어린이는 나라의 보배","Children are the nation's treasure"
"달걀의 흰자와 노른자","An egg's white and yolk"
"나 지금 정말 졸려","I'm really sleepy right now"
"분홍 갑사 저고리","A pink gauze jeogori"
"오갈 데 없는 깍두기 신세구려","I'm like a homeless cubed radish"
"무슨 애가 그리 걸음이 빠르니?","Why does that kid walk so fast?"
"사업비 집행 계획","A spending plan for project funds"
"외교 관계의 격하","A downgrade of diplomatic relations"
"텁텁한 막걸리 맛","The thick, slightly bland taste of makgeolli"
"겉면을 코팅한 광고지","A flyer with a coated surface"
"껍질이 얇고 바삭한 옛날 통닭","Old‑style whole fried chicken with a thin, crispy skin"
"여물을 씹는 소","A cow chewing fodder"
"음향 조절 장치","An audio control device"
"도시 전경을 찍은 사진","A photo of the cityscape"
"덥고 습한 공기","Hot, humid air"
"정하게 쓴 글씨","Neatly written handwriting"
"남으로 창이 난 집","A house with south‑facing windows"
"시내버스 노선의 조정","Adjustment of city bus routes"
"하자 없는 물건","A defect‑free item"
"남녀 혼성 합창단","A mixed‑gender choir"
"쪽지나 하나 써 보내라","Just write and send a note"
"그까짓 일로 울다니","Crying over something like that"
"사회에서 소외된 계층","A marginalized group in society"
"모두 퇴근한 썰렁한 사무실","An empty office after everyone has gone home"
"비행기의 양쪽 날개","The airplane's wings on both sides"
"암살 미수 사건","An attempted assassination case"
"문화 상품 전시","An exhibition of cultural goods"
"오빠, 엄마가 빨리 들어오래","Oppa, Mom says to come home quickly"
"자연 장애물과 인공 장애물","Natural and man‑made obstacles"
"상가의 즐비한 간판들","Rows of signs lining the shopping district"
"유행에 뒤진 옷차림","An out‑of‑fashion outfit"
"그런 문제쯤은 무시해 버려라","Just ignore problems like that"
"도시와 농촌의 불균형","The imbalance between cities and rural areas"
"속살이 겉으로 내비치는 수영복","A swimsuit that shows a lot of skin"
"정성 어린 선물","A thoughtful gift"
"톡톡 불거진 여드름","Raised, bumpy pimples"
"성질 사나운 사람","A bad‑tempered person"
"황혼에 물들어 가고 있는 하늘","A sky turning with the colors of dusk"
"영한 대역 소설","An English‑Korean bilingual novel"
"폭동이 일어날 기세","On the brink of a riot"
"게살로 만든 어묵","Fish cake made with crab meat"
"○○ 지역 당원 단합 대회","A unity rally for party members in the ○○ area"
"카페인 함유 음료","A caffeinated drink"
"항상 의지가 되는 사람","Someone you can always lean on"
"나무로 된 책상","A wooden desk"
"초등학교 저학년 어린이","A lower‑grade elementary school child"
"가방이 들린 손","A hand holding a bag"
"한료한 휴일 오후","A leisurely holiday afternoon"
"틀리기 쉬운 문제","A problem that's easy to get wrong"
"색소로 노랗게 물들인 단무지","Pickled radish colored yellow with dye"
"논문 작성 요령","Guidelines for writing a thesis"
"우리별 1호 발사","The launch of Our Star 1"
"놀고 싶을 때 실컷 놀아라","When you want to play, play to your heart's content"
"정치 개혁에 부합하는 인물","A figure who fits political reform"
"신경을 자극하는 소리","A sound that grates on the nerves"
"사무실 임대 보증금 오천만 원","An office lease deposit of 50 million won"
"정치 자금의 유입","Inflows of political funds"
"통산 100호 홈런","The 100th career home run"
"여당과 야당의 대립","The clash between the ruling and opposition parties"
"지급 연기 신청","A request to delay payment"
"장래가 유망한 청년","A young person with a promising future"
"이왕 시작했으니 타이트하게 하자","Since we’ve started, let’s do it tightly"
"일은 이제 결정됐으니 두말 말게","The matter is decided now, so no more debate"
"신을 믿어 주소서","Please believe in God"
"차갑게 식은 커피","Coffee gone cold"
"너 나를 모르겠니?","Don't you recognize me?"
"백 원짜리 동전","A 100‑won coin"
"꼬들꼬들한 식감의 벌집","Honeycomb with a firm, springy texture"
"아버지에 대한 반항","Defiance toward one's father"
"금세기 최고의 과학자","The greatest scientist of this century"
"형편없는 위인 같으니라고","What a sorry excuse for a great man"
"분수에 넘치는 사치","Extravagance beyond one's means"
"선거 공약 완수","Fulfillment of election pledges"
"청년이여 야망을 가져라","Young man, be ambitious"
"굴곡이 심한 해안선","A coastline with deep curves and inlets"
"눈보라가 요동치는 겨울 벌판","A winter field roiled by a blizzard"
"물가 인상에 뒤따른 가계의 부담","Household burdens following price hikes"
"넌 다 큰 애가 그렇게 까부니?","You're grown—why are you acting so wild?"
"말은 청산유수로 솔솔 잘하는구나","You sure can talk smoothly, like a flowing river"
"수집된 문헌의 색인과 초록","Indexes and abstracts of collected documents"
"처음 본 희한한 물건","A strange object I’ve never seen before"
"음주 운전 특별 단속","A special crackdown on drunk driving"
"벤젠 검출 보고","A report of benzene detection"
"봉사 활동 참가자 모집","Recruiting volunteers"
"군수와 군민과의 대화","A dialogue between the county chief and residents"
"해외 물품 구매","Purchasing goods from abroad"
"손잡이가 달린 컵","A cup with a handle"
"광활한 삼림 지대","A vast forest region"
"파리 주재 특파원","A correspondent stationed in Paris"
"시민 계급의 성장","The growth of the civic class"
"우리 민족 고유의 전통과 풍습","The traditions and customs unique to our people"
"차분히 앉아 공부 좀 해라","Sit down calmly and study"
"요컨대 당신은 언제 떠날 것이오?","So, when are you leaving?"
"일제의 한반도 강점","Japan’s colonial occupation of the Korean Peninsula"
"화려하고 고운 색깔","Brilliant, beautiful colors"
"시 대항 체육 대회","An intercity athletic meet"
"호박 넝쿨에 달린 애호박","Young zucchinis hanging on pumpkin vines"
"범인이 흉내 낼 수 없는 일","Something a criminal can't imitate"
"통화 가능 지역","An area with call coverage"
"반달같이 예쁜 송편","Half‑moon‑shaped songpyeon"
"음주 운전 단속","Drunk‑driving enforcement"
"사 차선 포장도로","A four‑lane paved road"
"과즙이 많은 배","A juicy pear"
"거센 역사의 격랑","The fierce turbulence of history"
"○○ 은행 광화문 지점","○○ Bank, Gwanghwamun Branch"
"퇴임 기념 논총","A commemorative collection of papers for a retirement"
"신상 기록 카드","A personal record card"
"신랑 신부의 행복을 위하여 건배!","A toast to the happiness of the bride and groom!"
"대학생 동아리 연합","A university club federation"
"가을은 독서의 계절","Autumn is the season for reading"
"너 오늘따라 웬 유난이니?","Why are you being so extra today?"
"특수 학교 교장","A special‑education school principal"
"참기름 한 종지","A small bowl of sesame oil"
"갑옷을 걸친 장군","A general clad in armor"
"법률 무료 상담","Free legal consultation"
"열 살 남짓해 보이는 소년","A boy who looks about ten"
"팔을 나에게 뻗어라","Reach your arm out to me"
"애착이 가는 물건","An item you feel attached to"
"머리에 얹힌 화관","A garland placed on the head"
"의기양양한 승리의 미소","A triumphant smile"
"연습생 출신의 스타","A star who came up as a trainee"
"스무 평 아파트","A 20‑pyeong apartment"
"노기를 띤 얼굴","A face filled with anger"
"객지를 떠다니는 처지","Living a drifting life in a foreign place"
"새벽을 알리는 닭 울음소리","A rooster’s crow announcing dawn"
"광역 개발 권역","A wide‑area development zone"
"전력 수요 급증","A surge in power demand"
"동학군의 수령 전봉준","Jeon Bong‑jun, leader of the Donghak forces"
"우리 예전처럼 친하게 지내자","Let’s be close like we used to be"
"그것은 댁의 사정이오","That’s your situation"
"길가에 구르는 쓰레기들","Trash scattered along the roadside"
"특별히 눈길을 끄는 옷차림","An outfit that especially draws attention"
"한 달 치 임금","A month’s wages"
"연령에 맞는 장난감","Age‑appropriate toys"
"꽃과 나비를 수놓은 치마","A skirt embroidered with flowers and butterflies"
"제게 맘을 좀 주세요","Please give me a little of your heart"
"때가 껴 지저분한 옷","Dirty clothes with grime built up"
"운동화 한 켤레","A pair of sneakers"
"가문을 빛낸 조상","An ancestor who brought honor to the family"
"건축용 철강 구조물","Structural steel for construction"
"수면에 반사되는 불빛","Light reflected on the water’s surface"
"자꾸 흘러내리는 안경","Glasses that keep slipping down"
"고인의 높은 뜻을 더럽히지 말자","Let’s not tarnish the noble will of the deceased"
"문학상 당선 작가","An author who won a literary prize"
"타고난 능력과 소질","Inborn ability and talent"
"맞는 답을 공란에 적어 넣으시오","Write the correct answer in the blank"
"대주주와 소액 주주","Major shareholders and minority shareholders"
"새로운 공법으로 만든 제조품","A manufactured product made with a new process"
"건축 경기의 후퇴","A downturn in the construction market"
"생동감 넘치는 모습","A vivid, lively 모습"
"야자의 잎과 줄기로 만든 공예품","Handicrafts made from palm leaves and stems"
"빨리 완쾌하시기를 빌어요","I hope you recover quickly"
"대미 무역 적자","A trade deficit with the U.S."
"땅속에 사는 두더지","A mole that lives underground"
"아무도 안에 들여보내지 마라","Don’t let anyone in"
"우리나라 인근 해역","Waters near our country"
"현실 도피적 경향","A tendency to escape from reality"
"우표 모으는 취미","A hobby of collecting stamps"
"우리 엄마는 선생님이야","My mom is a teacher"
"앳되고 청순한 얼굴","A youthful, innocent face"
"붉은 고추와 숯으로 얽은 금줄","A sacred straw rope braided with red peppers and charcoal"
"지우개가 달린 연필","A pencil with an eraser"
"교량 복구 작업","Bridge repair work"
"원만한 부부 생활","A harmonious married life"
"강성 일변도의 외교 정책","A hard‑line, one‑track foreign policy"
"먼지 흡입 장치","A dust‑suction device"
"덮개를 씌운 마차","A cart covered with a canopy"
"녹음 상태의 불량","Poor recording quality"
"수십 명의 사람들","Dozens of people"
"요란한 박수 소리","A loud round of applause"
"그동안 댁내 두루 무고하셨습니까?","Have all in your household been well?"
"쉿, 조용히 해라","Shh, be quiet"
"학술지 수록 논문","A paper published in an academic journal"
"동사무소 앞 게시판","The bulletin board in front of the community office"
"친자 관계 해소","termination of a biological parent-child relationship"
"눈에 서투른 남정네","an awkward-looking fellow"
"발색이 자연스러운 제품","a product with natural-looking color"
"유명 선수들에게 열광하는 관중","spectators who go wild for famous athletes"
"기성세대의 권위가 추락하는 시대","an era when the older generation's authority is in decline"
"부동산 시장 침체","a real estate market slump"
"안보 취약 지대","a security-vulnerable area"
"동글동글 귀엽게 생긴 얼굴","a round, cute-looking face"
"입시 제도 개선","reform of the admissions exam system"
"목숨을 건 치열한 싸움","a fierce, life-or-death fight"
"선명한 아침 햇살","clear morning sunlight"
"숯불에서 튀는 불똥","sparks flying from the charcoal fire"
"고등어 세 마리","three mackerel"
"보자기를 꽉꽉 묶어라","tie the wrapping cloth tightly"
"한 달간의 지출 명세","a month-long expense statement"
"차량 이동 통로","a vehicle passageway"
"추모나 찬송을 위한 음악","music for remembrance or praise"
"대대로 손이 귀한 집안","a family line that has long been short of children"
"극명한 시각 차이","a stark difference in viewpoints"
"배짱 있는 사람","a gutsy person"
"과음으로 위가 고장이 났어","My stomach got wrecked from drinking too much"
"재미있게 읽히는 책","a book that's a fun read"
"귓가에 감도는 아름다운 선율","a beautiful melody lingering in the ear"
"힘없고 가난한 자","the powerless and the poor"
"대학 부설 인문학 연구소","a university-affiliated humanities research institute"
"한일 외교 약사","a brief history of Korea-Japan diplomacy"
"고등어 두 마리","two mackerel"
"이상을 향한 열정","passion for ideals"
"미궁에 빠진 사건","a case that has become a mystery"
"석고로 빚어진 마리아상","a plaster-cast statue of Mary"
"학사 및 행정 업무","academic and administrative work"
"세련되고 균형 잡힌 다보탑","the refined, well-balanced Dabotap Pagoda"
"기밀 서류가 보관된 금고","a safe holding confidential documents"
"죄인을 모조리 잡아들여라","arrest all the criminals"
"최고 경영자 회의","a CEO meeting"
"흰색 바탕에 검은색 글씨","black lettering on a white background"
"도시 빈민 집단","an urban poor community"
"전교 학생 회장","the student body president"
"장미꽃 한 다발","a bouquet of roses"
"엄격 지휘 체계","a strict chain of command"
"뿔 달린 도깨비","a horned dokkaebi"
"성장기가 짧은 식물","a plant with a short growing season"
"네모 모양의 상","a square-shaped statue"
"그거 좀 가져와 봐","Bring that over"
"현란하게 빛나는 별","a dazzlingly shining star"
"대응 관계를 이루는 어구","phrases that stand in a corresponding relation"
"의자를 앞당겨 앉아라","Pull the chair forward and sit"
"남북한의 서신 왕래","an exchange of letters between North and South Korea"
"남북의 대치 상태","the standoff between North and South"
"평일과 다른 분위기","an atmosphere different from weekdays"
"근래에 보기 드문 일","a rare sight in recent times"
"자극적인 가스 냄새","a pungent gas smell"
"줄거리의 매끄러운 연결","the smooth flow of the plot"
"공장과 사무의 자동화","automation of factories and office work"
"아이에게 선택을 강요하지 마라","Don't force a choice on the child"
"솜털이 보송보송한 앳된 얼굴","a youthful face with soft, downy fuzz"
"궐자가 뭔데 상관이야","Who cares who that guy is?"
"대회 날짜 개정","revision of the competition date"
"언덕 위의 저제","a mansion on the hill"
"아파트 입주 신청","an apartment move-in application"
"사람의 심리란 참 묘한 거야","The human mind is a strange thing"
"큰길에서 공 차고 놀지 마라","Don't play ball in the main road"
"이마가 두드러진 얼굴","a face with a prominent forehead"
"균형 있는 발전","balanced development"
"지금부터 한 시간 동안만 놀자","Let's play for just one hour from now"
"컴퓨터에 기억된 프로그램","a program stored in the computer"
"세계 일주 여행","a trip around the world"
"문화 유적 훼손 실태","the state of damage to cultural heritage sites"
"물을 뿜는 분수","a fountain that sprays water"
"튀김을 바삭하게 튀기는 방법","how to fry food until crispy"
"흥분이 가라앉은 조용한 마음","a quiet mind after the excitement dies down"
"고국을 향한 그리움","longing for one's homeland"
"오늘의 특별한 요리","today's special dish"
"무슨 연유로 이제야 도착했지?","What took you so long to get here?"
"한 가닥의 희망","a glimmer of hope"
"반박의 여지가 없는 완벽한 논리","flawless logic with no room for rebuttal"
"대여섯 살쯤 먹어 보이는 아이","a child who looks about five or six"
"유목 생활에서 유래한 신앙","a faith derived from nomadic life"
"돛 세 활을 단 배","a ship fitted with three sails"
"외교관 납치 사건","the diplomat kidnapping case"
"청계천 다리 밑","under a Cheonggyecheon bridge"
"안장을 갖춘 말","a saddled horse"
"돈만 있으면 대수인가?","Is money all that matters?"
"자네 부친께서는 안녕하신가?","Is your father well?"
"최종 메달 집계","the final medal tally"
"투철한 공복 의식","a strong sense of public service"
"수취인 불명의 우편물","mail with an unknown addressee"
"교도소에 수감되어 있는 죄수","a prisoner incarcerated in a correctional facility"
"자동차 산업의 본산","the hub of the auto industry"
"배속을 받은 인원","personnel assigned to a unit"
"길을 잃고 울먹이는 아이","a child who got lost and is sniffling"
"불현듯 뇌리를 스치는 상념","a thought that suddenly flashes through the mind"
"무럭무럭 크는 아이들","children growing fast"
"달에 착륙한 우주선","a spacecraft that landed on the moon"
"비밀 정보의 보안","security for classified information"
"학교 창립 30주년 기념식","the school's 30th anniversary ceremony"
"아뇨, 그럴 리가 없어요","No, that's not possible"
"금빛 찬란한 왕관","a brilliantly golden crown"
"무분별한 국토 개발","reckless land development"
"가정에 대한 남편의 무관심","the husband's indifference to the family"
"방송국 연말 시상식","the broadcaster's year-end awards ceremony"
"독성이 강한 물질","a highly toxic substance"
"여물을 되새기고 있는 소","a cow chewing its cud"
"석 달 템이나 걸리다니","It took nearly three months"
"울퉁불퉁 파인 비포장도로","a bumpy, rutted dirt road"
"여권 발급 기관","the passport-issuing agency"
"수심에 찬 얼굴","a face full of worry"
"로마 제국의 멸망","the fall of the Roman Empire"
"요즘 근황이 어떠십니까?","How have you been lately?"
"평균적 발달 속도","an average rate of development"
"갈비탕 한 그릇","a bowl of galbitang"
"인쇄 기술의 발달","the development of printing technology"
"사대부 집 자손","descendants of a yangban family"
"생크림을 씌운 맛있는 케이크","a delicious cake topped with whipped cream"
"과학 기술의 진보","advances in science and technology"
"흰색 수컷 호랑이","a white male tiger"
"보석이 박힌 왕관","a jewel-studded crown"
"장래가 촉망되는 인물","a person with a promising future"
"나직하게 떠 있는 구름","low-floating clouds"
"국내외로 알려진 인물","a person known at home and abroad"
"도착 예정 시각","the scheduled arrival time"
"육체적 쾌락만을 추구하는 세태","a social climate that pursues only physical pleasure"
"바닥에 들붙은 껌","gum stuck to the floor"
"학벌을 중시하는 사회적 분위기","a social climate that values academic pedigree"
"속이 음침한 사람","a sinister person"
"동해에 솟아오르는 해","the sun rising over the East Sea"
"사람들이 왜 저리하느냐?","Why are people acting like that?"
"굳게 맞물린 입술","tightly pressed lips"
"마계를 지키는 귀신","a ghost guarding the demon realm"
"차원이 낮은 영화","a low-brow movie"
"당황스러운 상황에 대처하는 방법","how to deal with an awkward situation"
"소화 기관 계통","the digestive system"
"금이 삐뚤어지지 않게 족 그어라","Score the line so it doesn't go crooked"
"윤기가 흐르는 머리","glossy hair"
"폭음을 내며 질주하는 오토바이","a motorcycle racing by with a loud roar"
"윤리에 어긋나는 행위","an unethical act"
"서방의 자유 진영","the Western free bloc"
"선사 시대의 유적","prehistoric ruins"
"독자들의 한결같은 반응","readers' consistent reaction"
"착 달라붙는 바지","skin-tight pants"
"검색어 순위 10위","10th in the search-term rankings"
"가수 못지아니한 노래 실력","singing skills on par with a professional singer"
"유행이 지난 옷","out-of-fashion clothes"
"인기리에 방영되고 있는 연속극","a hugely popular TV drama currently airing"
"초속 8m의 서북풍","a northwest wind at 8 m/s"
"은하수를 건너는 조각배","a small boat crossing the Milky Way"
"매력 있는 사람","an attractive person"
"공부를 방해하지 마라","Don't disrupt studying"
"음산한 초겨울 날씨","gloomy early-winter weather"
"쟤는 덩치는 큰데 의외로 소심해","That guy's big but surprisingly timid"
"민족 반역 행위","an act of national betrayal"
"장애인 편의 시설","facilities for people with disabilities"
"면밀한 검토 후에 결론을 내리자","Let's reach a conclusion after careful review"
"쓰러져 가는 고옥","a crumbling old house"
"로마 제국의 몰락","the decline of the Roman Empire"
"이제 어지간히 해라","That's enough now"
"조선 왕조의 창업","the founding of the Joseon dynasty"
"외국에 대한 선입견","preconceptions about foreign countries"
"안전 수칙 준수","compliance with safety rules"
"분주한 서울 거리","the bustling streets of Seoul"
"여보, 보면 몰라서 물어?","Honey, can't you tell just by looking?"
"눈발이 날리는 궂은 날씨","nasty weather with flurries"
"아빠가 그림책 읽어 줄게……","Dad will read you a picture book..."
"코끝에 맺힌 땀방울","beads of sweat on the tip of the nose"
"바람직스럽지 못한 행동","undesirable behavior"
"쿵쿵 울리는 심장","a heart pounding"
"칠흑 같은 머리","jet-black hair"
"포대기에 둘러싸인 아기","a baby wrapped in a blanket"
"달빛이 가득한 마당","a yard bathed in moonlight"
"낙관을 불허하는 정세","a situation that allows no optimism"
"밀도 높은 강의","a content-dense lecture"
"에그, 저게 뭐야!","Oh, what's that!"
"수입 농산물에 대한 검역","quarantine inspection of imported agricultural products"
"온 세상을 뒤덮은 하얀 눈","white snow covering the whole world"
"유리창 하나 없는 컴컴한 지하실","a pitch-dark basement with no windows"
"그가 이끄는 정당","the party he leads"
"미술 작품 전시회","an art exhibition"
"국회의 입법 과정","the National Assembly's legislative process"
"군부대 위문 공연","a performance for troops"
"비상 소화 대책","emergency firefighting measures"
"완성도가 높은 작품","a highly polished work"
"뾰족 솟아 있는 지붕","a sharply peaked roof"
"선수 출장 규정","player appearance rules"
"작자 실명의 책","a book published under the author's real name"
"체조 선수 육성","training gymnasts"
"신체 강화 훈련","physical conditioning training"
"도박에 걸린 돈","money wagered on gambling"
"암벽에 새긴 불상","a Buddha statue carved into a cliff"
"문학상 수상 작품","an award-winning literary work"
"두 팔을 나에게 뻗쳐라","Hold out both arms to me."
"전쟁을 리얼하게 그린 영화","A film that depicts war realistically."
"갈등을 부추기는 행동","Behavior that fuels conflict."
"오늘 점심에는 감자를 쪄서 먹자","Let's steam potatoes for lunch today."
"고무가 달린 연필","A pencil with an eraser."
"경멸이 가득한 표정","A look full of contempt."
"참기 힘든 야식의 유혹","The hard-to-resist temptation of late-night snacks."
"과목별 전담 교사","Teachers dedicated to each subject."
"더욱 붉어지는 노을","A sunset growing ever redder."
"하! 참 세상에 기가 막혀서","Ha! I'm just dumbfounded by the world."
"사르르 끌리는 치맛자락","A skirt hem that softly draws you in."
"선과 악의 투쟁","The struggle between good and evil."
"기개가 높은 지사","A patriot of lofty spirit."
"묻는 말에 솔직히 대답해라","Answer the question honestly."
"흠잡을 데 없는 전형","An impeccable archetype."
"간편한 청바지 차림","A casual jeans outfit."
"무광으로 처리한 안경테","Matte-finish eyeglass frames."
"연한 분홍색 투피스","A light pink two-piece outfit."
"업무 처리 능력","The ability to handle work."
"주위가 조용한 집","A house in a quiet area."
"버스 운행 노선","A bus route."
"청소년 사건 전담 요원","An officer assigned to juvenile cases."
"댁네 두루 편안하신지요?","Is everyone at your home doing well?"
"해외 동포의 모국 방문","An overseas compatriot's visit to the homeland."
"금실이 좋은 주인 내외","The master and mistress, happily married."
"1학년 3반 반장","Class president of Class 3, Grade 1."
"거래소 상장 기업","An exchange-listed company."
"뒷골목을 주름잡던 사나이","The man who once ruled the back alleys."
"뼛속을 파고드는 추위","Bone-piercing cold."
"조상에게 물려받은 보검의 정기","The aura of the treasured sword inherited from ancestors."
"프로 야구 정규 시즌","The regular season of pro baseball."
"기미 독립 선언서","The Gimi Declaration of Independence."
"액틀 속의 그림","A picture in a frame."
"글귀 좋은 총각","A young man with a way with words."
"고려자기의 독특한 미","The unique beauty of Goryeo celadon."
"엉망진창으로 돌아가는 세상","A world running in utter chaos."
"연고 없는 환자","A patient with no next of kin."
"멀리서 둔하게 들리는 대포 소리","The dull sound of cannons heard from afar."
"설득과 설명의 차이점","The difference between persuasion and explanation."
"농담으로 하는 말","Something said as a joke."
"아늑한 봄날의 오후","A cozy spring afternoon."
"국토 개발 계획","A national land development plan."
"추진력이 강한 엔진","An engine with strong propulsion."
"설화의 변이 과정","The process of folktale transformation."
"정성스럽게 차린 밥상","A lovingly prepared meal."
"증인 출두 요구","A request for a witness to appear."
"예술과 기술의 융합","The fusion of art and technology."
"식료품을 파는 가게","A grocery store."
"일을 마치는 대로 속속 돌아와라","Come back as soon as you finish, one after another."
"감명 깊은 이야기","A moving story."
"어머님, 부디 몸조심하십시오","Mother, please take care of yourself."
"과거사에 대한 기록","A record of past events."
"첨단 장비의 도입","The introduction of cutting-edge equipment."
"고양이 한 마리","A cat."
"정북으로 뻗은 길","A road stretching due north."
"고위 간부 회의","A meeting of high-ranking officials."
"개성의 과감한 표출","A bold expression of individuality."
"차량의 원활한 소통","Smooth traffic flow."
"소금물을 머금은 모래","Sand soaked with saltwater."
"3백 리터 용량의 냉장고","A 300-liter refrigerator."
"저 사람이 누구입니까?","Who is that person?"
"역사상으로 중요한 일","A historically important event."
"톡 쏘는 청량음료","A tangy, fizzy soft drink."
"발목까지 오는 신","Ankle-high shoes."
"착용감이 편한 옷","Comfortable clothing to wear."
"문학에 유의한 사람","A person of significance in literature."
"여러분! 이걸 보십시오","Everyone, look at this!"
"생쥐를 대상으로 한 실험","An experiment on mice."
"중독성이 강한 마약","A highly addictive drug."
"창의를 억누르는 고압적인 분위기","A high-pressure atmosphere that stifles creativity."
"아니, 벌써 도착했니?","What, you already arrived?"
"그만 일에 눈물을 흘리다니","Crying over something like that."
"파란빛이 감도는 치마","A skirt with a bluish tint."
"운동이라면 질색하는 엄마","A mom who hates exercise."
"삼각형으로 생긴 딱지","A triangle-shaped sticker."
"예금 계좌 추적","Tracking a deposit account."
"사진 보정 작업","Photo retouching work."
"인터넷 서비스 공급자","An Internet service provider."
"잔뜩 찌푸린 날씨","Heavily overcast weather."
"국회 의원 당선자","A member-elect of the National Assembly."
"아휴, 정나미 떨어져","Ugh, that really turns me off."
"제가 형님으로 모셔도 될까요?","May I treat you as my older brother?"
"자연주의 문학의 거장","A master of naturalist literature."
"나 혼자라는 생각","The thought that I'm alone."
"중단 없는 전진","Uninterrupted advance."
"무력에 의한 침략","Aggression by force."
"아따, 말도 많네","Wow, you sure talk a lot."
"성격이 제각각인 사람들","People with all different personalities."
"유럽 연합 회원국","A member state of the European Union."
"다시 건강이 좋아져야지","I need to get healthy again."
"바탕이 거친 옷감","Cloth with a rough texture."
"어허, 이거 왜 이러느냐?","Hey, what's wrong with this?"
"이쪽으로 어서 들어오세요","Please come in this way."
"오염 물질 배출","Pollutant emissions."
"음식물 반입 금지","No food allowed inside."
"너는 대체 누구냐?","Who on earth are you?"
"육군과 합류한 공군","An air force unit that joined the army."
"고뇌 속에서 보낸 세월","Years spent in anguish."
"비밀리에 열린 회담","A meeting held in secret."
"탄소 배출을 줄이기 위한 노력","Efforts to reduce carbon emissions."
"꼬리 아홉 달린 여우","A nine-tailed fox."
"과학 문명의 급격한 발달","The rapid development of scientific civilization."
"수륙 양면 공격","An amphibious assault."
"설탕이 듬뿍 묻은 도넛","A doughnut coated with lots of sugar."
"제국주의의 억압과 수탈","Imperialist oppression and exploitation."
"집안일에 무관심한 남편","A husband indifferent to housework."
"일 년 육 개월","One year and six months."
"선사 유물 전시관","A prehistoric artifacts exhibition hall."
"이슬비에 젖은 눅눅한 옷","Damp clothes soaked in drizzle."
"금품 수수 혐의","Allegations of bribery."
"층계가 가파르니 조심해라","The stairs are steep, so be careful."
"월척에 가까운 붕어","A crucian carp nearly a trophy catch."
"저희 선생님은 참 자상하세요","Our teacher is very kind."
"자판기에 투입된 동전","Coins inserted into the vending machine."
"멀리 바다가 뵈는 집","A house with a view of the distant sea."
"장난기가 서린 눈","Mischievous eyes."
"일찍이 없었던 일","Something unprecedented."
"경기 부양 대책","Measures to stimulate the economy."
"자동차 조립 공장","An automobile assembly plant."
"출산을 앞둔 산모","A mother-to-be nearing childbirth."
"청량한 가을 날씨","Crisp autumn weather."
"소박하면서도 강인한 조선 여인","A modest yet strong Joseon-era woman."
"셈이 똑똑한 사람","A person who is good with numbers."
"금융 실명제 청문회","A hearing on the financial real-name system."
"직진으로 곧게 뻗어 있는 길","A road stretching straight ahead."
"치매 전문 병원","A dementia specialty hospital."
"어머, 눈이 오네","Oh my, it's snowing."
"관리들의 비위 탄핵","The impeachment of officials for misconduct."
"화려한 도회지 생활","A glamorous city life."
"드라마 프로그램 제작사","A drama production company."
"사회 과학 부문","The social sciences division."
"제작진이 섭외한 장소","A location booked by the production team."
"교복 착용의 장점","The advantages of wearing school uniforms."
"시장 조사를 위한 현지 출장","A business trip for market research."
"일직선으로 뻗은 길","A road stretching in a straight line."
"천재로 소문난 아이","A child rumored to be a genius."
"종합 병원의 병원장","The director of a general hospital."
"재기 발랄한 젊은이들","Lively, spirited young people."
"수도권의 과잉 팽창","Overexpansion of the capital region."
"화초를 안으로 들여와라","Bring the potted plants inside."
"향후 국제 정세","The future international situation."
"실습 위주의 교육","Practice-focused education."
"이사를 온 첫날","The first day after moving in."
"못살게 굴지 마라","Don't treat me badly."
"개성 존중의 시대","An era that respects individuality."
"인간 본연의 모습","The true nature of humans."
"백옥 같은 피부","Skin as white as jade."
"구내식당의 단조로운 식단","The monotonous cafeteria menu."
"비정상적 반복 행동","Abnormal repetitive behavior."
"절에서 들려오는 은은한 종소리","The faint sound of a temple bell."
"정부 종합 청사","The government complex."
"육개장 한 그릇","A bowl of yukgaejang."
"고속 도로 진입로","A highway on-ramp."
"현금 수송 차량","A cash transport vehicle."
"지배적 위치에 있는 사람들","People in dominant positions."
"정도에 맞는 생활","A life within one's means."
"우리 민족의 고유한 의상","Our people's traditional clothing."
"누구 앞에서 시치미야?","Who are you playing dumb in front of?"
"각종 운동 경기","Various sports competitions."
"방망이를 부러뜨린 강속구","A blazing fastball that broke the bat."
"자네 어르신은 안녕하신가?","Are your elders well?"
"누군가에게 쫓기는 불안한 표정","An anxious look, as if being chased."
"이뤄질 수 없는 꿈","An impossible dream."
"거봐, 내가 뭐랬어","See? I told you."
"50쪽 3행부터 읽어 보자","Let's read from line 3 on page 50."
"아무것도 모르면 가만있어","If you don't know anything, keep quiet."
"성공적 임무 수행","Successful completion of a mission."
"가죽 장갑 한 켤레","A pair of leather gloves."
"이루어질 수 없는 사랑","A love that can never be."
"수억 원의 수입","Income of hundreds of millions of won."
"민족사의 바른 좌표","The proper bearings of national history."
"무한한 우주 공간","Infinite outer space."
"안전벨트 착용의 의무화","Mandatory seat belt use."
"승용차 5부제 운동","The five-day rotation campaign for passenger cars."
"위대한 업적을 남긴 위인","A great figure who left remarkable achievements."
"그것은 언니더러 물어봐","Ask your older sister about that."
"새해 첫날 아침","The morning of New Year's Day."
"원시 밀림 지역","A primeval rainforest region."
"영어 원문 해석","Interpreting the original English text."
"별의 움직임에 대한 관측 자료","Observational data on the movement of stars."
"이 늙은이가 무얼 알겠습니까?","What would this old man know?"
"서구에서 전래된 과학 기술","Science and technology introduced from the West."
"오랜 투병 생활","A long struggle with illness."
"대기업에서 만든 제품","A product made by a major corporation."
"싱그러운 꽃 냄새","The fresh scent of flowers."
"내 부탁을 거절하면 재미없어","If you refuse my request, it won't be fun."
"시큼한 김치 냄새","The sour smell of kimchi."
"어제 한 일의 되풀이","A repetition of what was done yesterday."
"우리 아기 둥둥","Our baby, Doong-doong"
"검진이 필요한 항목에 표시하시오","Mark the items that require an examination."
"멸종 위기에 처한 야생 동물","Wild animals at risk of extinction."
"하늘로 날아오르는 비행기","An airplane taking off into the sky."
"뺨이 좁은 도끼","An axe with narrow cheeks."
"잘 익은 복숭아","A ripe peach."
"소유와 경영의 분리","Separation of ownership and management."
"뉴욕과 서울 간의 정기 항로","A regular route between New York and Seoul."
"이젠 돌아가라니까 그러네","I told you to go back now, and you still act like that."
"풍경을 묘사한 구절","A phrase that describes the scenery."
"자네는 본관이 어디이신가?","What is your clan seat?"
"저편 한길로 난 창","A window opening onto the path on the far side."
"수생 식물 서식","Habitat of aquatic plants."
"남극 탐험대 대원","A member of an Antarctic expedition."
"친선 방문단 단장","Head of a goodwill delegation."
"삶에 대한 찬양","Praise for life."
"청천에 반짝이는 무수한 별","Countless stars twinkling in the clear sky."
"기껏 위로한다는 소리가 그거니?","Is that all you can say to console me?"
"매일 되풀이되는 일","Something that repeats every day."
"생사를 건 모험","An adventure with life and death at stake."
"뜬금없이 무슨 소리요","What are you talking about all of a sudden?"
"칼날 같은 콧대","A knife-sharp nose bridge."
"군인이 대거 투입된 작전","An operation with large-scale troop deployment."
"불쑥 튀어나온 배","A potbelly sticking out."
"단체 협약 중재 조항","A mediation clause in a collective agreement."
"동해에 떠오르는 태양","The sun rising over the East Sea."
"손등까지 덮는 긴 소매","Long sleeves that cover the backs of the hands."
"나라를 판 매국노","A traitor who sold out the country."
"피곤할 테니 어서 자라","You must be tired, so go to sleep."
"으음, 그렇게 하지","Mm, let's do that."
"훤하게 잘생긴 얼굴","A bright, handsome face."
"고전 문학 개설","An introduction to classical literature."
"서너 종의 견본","Three or four types of samples."
"어린아이의 해맑은 웃음","A child's pure, bright smile."
"카페인의 각성 효과","The stimulating effect of caffeine."
"정보 공개 청구","A request for disclosure of information."
"점심은 간단히 분식으로 하자","Let's have a simple lunch of Korean snack food."
"시어머니와 며느리 사이","Between a mother-in-law and her daughter-in-law."
"부실 은행 퇴출","Removal of insolvent banks."
"유난히 반짝이는 별빛","Unusually sparkling starlight."
"덩치가 우람한 사내","A big, burly man."
"성리학을 대체한 서구 사상","Western ideas that replaced Neo-Confucianism."
"출발을 알리는 신호탄","A signal flare announcing the start."
"저 사람, 뭐 하는 작자야?","That person—what kind of guy is he?"
"학계의 연구 동향","Research trends in academia."
"공동 연구 발표회","A joint research presentation."
"딱딱한 호두 껍데기","A hard walnut shell."
"동서 관통 도로","A road that runs east-west."
"머 하고 있니?","What are you doing?"
"협동 정신이 강한 주민","Residents with a strong spirit of cooperation."
"꾀가 많은 사람","A crafty person."
"신하로서 왕의 자리를 넘보다니!","How dare you, as a subject, covet the throne!"
"초가삼간 외딴 오두막","A secluded three-bay thatched cottage."
"인성과 예능을 겸비한 인재","A talented person with both character and artistic ability."
"품질 기준에 합격한 제품","A product that meets quality standards."
"자칫 흐트러지기 쉬운 마음","A heart that can easily become unsettled."
"나 먼저 나갈게","I'll head out first."
"돋보이는 노래 솜씨","Standout singing skills."
"출발 시간의 지연","A delay in the departure time."
"눈부시게 차려입은 여자","A woman dressed dazzlingly."
"오죽하면 도둑질을 할까?","How desperate must you be to steal?"
"어린아이에게 너무 겁주지 마라","Don't scare the child too much."
"돈벌이에만 급급한 사람들","People obsessed only with making money."
"그래그래, 내가 정말 잘못했어","Okay, okay, I was really wrong."
"오늘은 된장국이 각별히 맛있는데","The soybean paste soup is especially good today."
"드문드문 찾아드는 손님","Occasional customers dropping by."
"내가 누구인지 알겠어요?","Do you know who I am?"
"전차의 은은한 향기","The subtle aroma of tea."
"투약과 식이 요법의 병행","Combining medication and dietary therapy."
"새파란 가을 하늘","A deep blue autumn sky."
"반짝반짝 빛나는 눈","Sparkling eyes."
"숨이 살아 있는 신선한 야채","Fresh vegetables full of life."
"코를 벌름거리는 버릇","A habit of flaring one's nostrils."
"망국의 한을 읊은 시","A poem lamenting the nation's ruin."
"빛의 입자 이론","The particle theory of light."
"어느 것이 맞는 답입니까?","Which one is the correct answer?"
"죄인을 옥에 잡아 가두어라","Seize the criminal and lock him in prison."
"객차를 열 량 단 기차","A train with ten passenger cars."
"더없이 기쁜 날","A day of boundless joy."
"높고 푸른 가을 하늘","The high, blue autumn sky."
"고전적 수업 방식","A traditional style of instruction."
"냄새를 제거하는 방향제","An air freshener that removes odors."
"지기를 싫어하는 성미","A temperament that hates losing."
"수마가 할퀴고 간 지역","An area ravaged by floodwaters."
"홈으로 뛰고 있는 3루 주자","A runner on third sprinting for home."
"내가 한 말이 그렇게 역겨우니?","Are the things I said really that disgusting?"
"3년 연속 우승","Three consecutive championships."
"서른 살 남짓 되어 보이는 남자","A man who looks about thirty."
"약효의 지속 시간","The duration of a drug's effect."
"입사 시험 탈락자","A candidate who failed the hiring test."
"학술 논문 등재 기준","Criteria for indexing academic papers."
"푸른색으로 뒤덮인 산","A mountain covered in green."
"그리운 고국산천 언제나 가 볼꼬","When will I ever see my beloved homeland's mountains and rivers again?"
"엔진 오일 교환 시기","Time to change the engine oil."
"화물의 운송 경로","The shipping route of the cargo."
"새로운 삶에 첫발을 내딛는 결혼","Marriage that takes the first step into a new life."
"군비 확장 계획","A plan to expand armaments."
"포로 수용 시설","A prisoner-of-war detention facility."
"익사자 인양 작업","A recovery operation for drowning victims."
"유일한 휴식 시간","The only time to rest."
"착한 성품을 지닌 사람","A person with a kind disposition."
"내성적이고 소심한 성격","An introverted and timid personality."
"가뭄 피해 지역의 복구","Restoration of drought-hit areas."
"범죄 없는 사회","A society without crime."
"권위 있는 학자","An authoritative scholar."
"고졸 또는 동등의 학력","A high school diploma or equivalent."
"솟구쳐 오르는 분노","Surging anger."
"피곤해서 풀어진 눈","Eyes drooping from fatigue."
"가정 내의 불화","Discord within the family."
"난 네가 결혼했다고 착각했어","I mistakenly thought you were married."
"색종이를 오려서 만든 꽃","A flower made by cutting colored paper."
"길거리에 나와 노는 아이들","Children out playing in the street."
"오징어 두 마리","Two squids."
"너무 늙은 호박","An overripe pumpkin."
"면화 재배 농장","A cotton farm."
"완벽에 가까운 묘기","A stunt close to perfection."
"남성 위주의 사회","A male-dominated society."
"청소년을 위한 무료 강좌","Free classes for teenagers."
"대학가의 새로운 풍속도","A new social scene around universities."
"조리하면 안 될 텐데","You shouldn't cook that, though."
"까닭 없이 불안한 마음","A groundless sense of anxiety."
"창사 50주년 기념일","The company's 50th anniversary."
"너를 정말 사랑해","I really love you."
"군청 주최 씨름 대회","A ssireum tournament hosted by the county office."
"지금은 바쁘니 이따가 통화하자","I'm busy now, so let's talk later."
"전국적 규모의 대회","A nationwide competition."
"말과 행동의 배치","A discrepancy between words and actions."
"지극히 담담한 표현","An extremely matter-of-fact expression."
"담배 대여섯 개비","Five or six cigarettes."
"일동 차렷. 국기에 대하여 경례!","Attention, everyone. Salute the flag!"
"널리 용서해 주십시오","Please forgive us generously."
"근대사의 시점과 종점","The start and end points of modern history."
"사회의 구조적 모순","Structural contradictions in society."
"알로록달로록 예쁜 치마","A pretty, multicolored skirt."
"두릅은 쌈장에 찍어 먹어라","Dip the aralia shoots in ssamjang and eat them."
"명분 없는 싸움","A fight without justification."
"땀 흡수가 가능한 헤어밴드","A sweat-absorbing headband."
"나에게는 하나뿐인 그대","You are the one and only for me."
"어려움을 함께한 친구","A friend who shared hardships with me."
"인체에 해로운 물질","A substance harmful to the human body."
"얌전하고 뛰어난 요리 솜씨","A gentle person with excellent cooking skills."
"과일을 넣은 빙수","Bingsu with fruit."
"가슴에 맺힌 한","A deep sorrow lodged in the heart."
"민족 유산의 보호","Protection of national heritage."
"온몸이 노곤해지는 봄날 오후","A spring afternoon that makes your whole body drowsy."
"제반 설비의 불완전","Deficiencies in the overall facilities."
"에잇, 재수 없어","Ugh, what bad luck."
"철통 같은 수비","An ironclad defense."
"출혈이 심한 환자","A patient with severe bleeding."
"현실에 대응하는 태도","A realistic attitude."
"허리선이 강조된 옷","Clothes that emphasize the waistline."
"자꾸 밤새우지 마라, 몸 축날라","Stop staying up all night, you'll ruin your health."
"국내 최초 유럽 리그 입성","The country's first entry into a European league."
"여기 과일 좀 내오너라","Bring out some fruit here."
"쓸모 있는 사람이 되어라","Become a useful person."
"휴양지에서 보낸 일주일이 꿈같아","The week I spent at the resort felt like a dream."
"호기심에 가득 찬 눈빛","A gaze full of curiosity."
"국제 문제에 대한 강연","A lecture on international issues."
"그놈을 이리 끌고 와라","Drag that guy over here."
"가 볼 만한 장소","A place worth visiting."
"대한 독립 만세","Long live Korean independence."
"백설 공주와 일곱 난쟁이","Snow White and the Seven Dwarfs."
"쩍 벌어진 어깨","Broad shoulders."
"비슷하게 세워진 기둥","Pillars set up in a similar way."
"천연 잔디 축구장","A natural-grass soccer field."
"내 말을 마저 들어라","Listen to the rest of what I'm saying."
"고전 소설의 대표작","A representative classic novel."
"튼튼하게 놓은 다리","A sturdily built bridge."
"임산부로 북적이는 산부인과","An obstetrics clinic crowded with pregnant women."
"종종 일어나는 일","Something that happens often."
"전혀 다른 사람","A completely different person."
"보약 먹고 기운을 내라","Take some tonic medicine and get your strength back."
"그이는 어디서 온 사람입니까?","Where does he come from?"
"넓은 플라타너스 잎사귀","Broad plane-tree leaves."
"흥미 위주의 오락물","Entertainment geared toward excitement."
"섬세한 장면 묘사","Delicate scene description."
"뚱뚱하게 부어오른 다리","Legs swollen thick."
"야간 자율 학습","Night self-study."
"미성년자 관람 불가","No admittance for minors."
"국회 소장파 의원","A reformist lawmaker in the National Assembly."
"오늘이 무슨 요일이냐?","What day of the week is it today?"
"남이 들어도 무방한 이야기","A story that's fine for others to hear."
"커다랗게 불거진 소문","A rumor that has ballooned."
"분통에 담긴 가루분","Powder in a powder jar."
"미제로 남아 있는 문제","A problem that remains unsolved."
"단정하고 맵시 있는 옷차림","A neat and stylish outfit."
"구한말 당시의 국제 정세","The international situation at the end of the Joseon period."
"난민 정착 지원","Support for refugee resettlement."
"천지를 뒤흔드는 굉음","A thunderous roar that shakes heaven and earth."
"목재로 만든 소반","a small table made of wood"
"그자 이야긴 꺼내지도 마라","don’t even bring up that guy"
"연비가 높아서 효율적인 차","a fuel‑efficient car with good mileage"
"계속 쏟아지는 폭우","a torrential downpour that keeps coming"
"현세의 당면 과제","the pressing tasks of the present age"
"별 우스운 광경을 다 보겠네","well, you see all sorts of ridiculous sights"
"달님! 제 소원을 들어주세요","Moon, please grant my wish"
"짙은 검은빛 수염","a dark black beard"
"농업 기술의 혁신","innovation in agricultural technology"
"설날 특집 프로그램","a Lunar New Year special program"
"나를 누구에게 데려가는 거요?","who are you taking me to?"
"완주에 소요되는 시간","the time required to finish the race"
"고난에 굴하지 않는 굳건한 정신","an unyielding spirit that won’t bow to hardship"
"질문에 합당한 답변","an answer appropriate to the question"
"목표의 초과 달성","exceeding the goal"
"변함없이 이어져 내려온 전통","a tradition passed down unchanged"
"따끈하게 데운 국","warm, freshly heated soup"
"항공기의 비행 궤적","an aircraft’s flight path"
"감기가 가시지 않은 목소리","a voice still lingering with a cold"
"동시에 일어난 사건","incidents that happened at the same time"
"원리 분할 상환","principal installment repayment"
"그 어른의 영식은 건강하신가?","is that gentleman’s son in good health?"
"감자탕 전문 식당","a restaurant specializing in gamjatang"
"생후 8개월 된 아기","an eight‑month‑old baby"
"악의에 찬 중상","malicious slander"
"매일 똑같은 생활","the same routine every day"
"겨울의 끝 무렵","around the end of winter"
"교육 민주화 선언","the declaration for democratizing education"
"당신의 의사를 명확히 밝히십시오","please state your intention clearly"
"각처에서 몰려든 수재 의연금","relief funds for flood victims gathered from everywhere"
"시장 경제 체제로의 이행 과정","the transition process to a market economy"
"숭늉의 구수한 맛","the nutty, savory taste of sungnyung"
"내구성이 좋은 재질","a durable material"
"어머나, 기가 막혀","oh my, that’s unbelievable"
"웃음기를 담은 얼굴","a face with a hint of a smile"
"명주실 두 토리","two skeins of silk thread"
"갱에 들어가는 광부들","miners going into the shaft"
"신설 은행 점포","a newly opened bank branch"
"중세 사회의 해체","the breakup of medieval society"
"비상사태에 대한 대비","preparedness for an emergency"
"살림 솜씨가 짭짤한 며느리","a daughter‑in‑law who’s quite good at managing the household"
"반듯하게 개어 넣은 국기","a neatly folded national flag"
"자원 안보 위기","a resource‑security crisis"
"목덜미에 기어드는 찬 바람","a cold wind creeping down the nape of your neck"
"바닷가 근처에 있는 횟집","a sashimi restaurant near the seaside"
"보급품을 탑재한 트럭","a truck loaded with supplies"
"단정 반대 운동","the movement opposing the bobbed haircut"
"금방 구워 낸 빵","freshly baked bread"
"폐식용유를 재생한 무공해 비누","pollution‑free soap made by recycling used cooking oil"
"걷잡을 수 없는 사태","an out‑of‑control situation"
"시민을 위한 공공 도서관","a public library for citizens"
"종묘 제사 때 아뢰는 제례악","ritual music performed at the Jongmyo ancestral rites"
"그 사람이라고 별수 있겠어?","what could that person do, really?"
"조금 더 기다리자","let’s wait a little longer"
"외모가 번듯한 기와집들","handsome‑looking tiled‑roof houses"
"밥알이 동동 뜨는 동동주","dongdongju with rice grains floating on top"
"과자와 함께 음료수도 사 오너라","buy some drinks along with the snacks"
"생활 보장 대책","measures to guarantee a basic livelihood"
"딱딱한 나무 의자","a hard wooden chair"
"이 일을 혼자 해낼 수 있겠니?","can you handle this on your own?"
"아이 같은 어른","an adult who’s like a child"
"시국 전반에 대한 의견 교환","an exchange of views on the overall political situation"
"수도권 소재 대학","a university located in the Seoul metropolitan area"
"허리가 구부러진 노파","an old woman with a bent back"
"박차이지만 맛있게 드세요","it’s simple fare, but please enjoy"
"아주 오랜 옛날","a very long time ago"
"강당 겸 체육관","an auditorium that also serves as a gym"
"기운이 펄펄 나는 모양이군","you look full of energy"
"아름답고 신비로운 이야기","a beautiful, mysterious story"
"좋은 기량을 갖춘 운동선수","an athlete with excellent skills"
"사원증 목걸이 줄","an employee ID lanyard"
"꽁초가 가득 찬 재떨이","an ashtray full of cigarette butts"
"사내 커플 탄생","an office romance is born"
"종묘 개량 경신","renewed improvement of the crop variety"
"그럼 어떻게 하지?","then what do we do?"
"극히 어려운 일","an extremely difficult task"
"송홧가루 흩날리는 솔숲","a pine forest with pollen drifting in the air"
"남북 간의 교역","inter‑Korean trade"
"문구 할인 매장","a discount stationery store"
"다리 밑에서 주워 온 아이","a child picked up from under a bridge"
"오늘 저녁때 뭐 먹을까?","what should we eat for dinner tonight?"
"아가, 엄마하고 맘마 먹자","baby, let’s eat with mommy"
"성난 시위대의 고함 소리","the shouts of an angry protest crowd"
"사고 처리 비용","accident handling costs"
"순수한 열정에서 비롯한 일","something born of pure passion"
"전투 현장을 생생하게 담은 뉴스","news that vividly captures the battlefield"
"자정이 지난 시간","a time after midnight"
"수입에 대한 규제","regulations on imports"
"민족 역량의 과시","a display of national capabilities"
"3전 2승 1패","2 wins and 1 loss in 3 games"
"양국 조약 체결","the signing of a treaty between the two countries"
"무자비한 토벌 작전","a ruthless suppression operation"
"인파가 넘치는 거리","streets overflowing with people"
"기왕에 왔으니까 만나나 볼래?","since you’re here anyway, want to meet up?"
"생명 창조의 신비","the mystery of the creation of life"
"혹한에 닳은 살","skin worn by bitter cold"
"인명 경시 풍조","a trend of disregarding human life"
"자네가 그분 자제란 말인가?","are you that gentleman’s son?"
"신비한 우주의 세계","the mysterious world of the universe"
"부가세 포함 가격","price including VAT"
"도대체 그는 누구였을까?","who on earth was he?"
"명예 훼손 고소장","a complaint for defamation"
"원활한 사회 적응","smooth social adjustment"
"정이 듬뿍 담긴 위로의 말","words of comfort filled with warmth"
"지정 좌석에 앉으시오","please sit in your assigned seat"
"요리책을 들춰 가며 만든 음식","food made while flipping through a cookbook"
"가슴에 불타오르는 애국심","patriotism burning in one’s chest"
"학교가 있던 자리","the spot where the school used to be"
"문장 성분의 생략","omission of sentence elements"
"보자기에 싸인 음식","food wrapped in a bojagi cloth"
"서구 문화의 이식","the transplanting of Western culture"
"급격한 노임 인상","a sharp wage increase"
"한길을 비추는 가로등 불빛","a streetlight illuminating a single road"
"한계 생산의 체감","diminishing marginal production"
"수입 확대에 대한 반작용","a backlash against expanded imports"
"외국인에게 잘 팔리는 상품","products that sell well to foreigners"
"본디부터 타고난 성품","an innate disposition from birth"
"너 자꾸 열받게 굴지 마","don’t keep pissing me off"
"회복 불능인 상태","an irrecoverable state"
"와, 정말 멋있다!","wow, that’s really awesome!"
"북쪽 변방 오랑캐","barbarians on the northern frontier"
"복지 사회 실현","the realization of a welfare society"
"엉, 넌 누구냐?","huh, who are you?"
"한 평 넓이의 땅","a plot of land about one pyeong"
"수익성이 높은 저축 상품","a high‑yield savings product"
"대학의 학사 운영","the university’s academic administration"
"잘 달라붙는 풀","a sticky glue"
"올여름엔 꼭 놀러 오너라","make sure to come visit this summer"
"배송 확인 문자","a delivery confirmation text"
"어마어마하게 큰 집","a gigantic house"
"싸리나무로 뱅 돌려 친 담","a fence woven in a spiral with broom shrubs"
"끔찍한 살인 사건","a gruesome murder case"
"신랑 신부 입장","the bride and groom’s entrance"
"인상 3차 시기","the third round of raises"
"관광 단지 조성","the development of a tourist complex"
"혼기를 놓친 노처녀","an old maid who missed her chance to marry"
"뉘 앞이라고 감히 나서느냐?","who do you think you are to step forward?"
"이야기하기가 부담스러운 상대","someone it feels burdensome to talk to"
"과거의 잘못에 대한 반성","reflection on past mistakes"
"아이를 무릎에 앉힌 여자","a woman with a child sitting on her lap"
"에너지 효율성이 높은 자동차","an energy‑efficient car"
"숨기에 적당한 곳","a suitable place to hide"
"나도 여력이 있어야 자네를 돕지","I need to have some leeway to help you"
"활동에 불편리한 복장","clothes that are inconvenient for activity"
"유명한 화가가 그린 그림","a painting by a famous artist"
"이 뻥짜야, 그것도 모르니?","you fake, you don’t even know that?"
"생태계의 먹이 사슬","the ecosystem’s food chain"
"콧물을 흘리는 아이","a child with a runny nose"
"초음파 영상 진단기","an ultrasound imaging device"
"학생 신분에 알맞은 옷차림","attire appropriate for a student"
"네가 길을 아니까 앞서서 가라","you know the way, so go ahead"
"겉모양은 멀쩡한데 어디가 아프대?","they look fine, but where do they say it hurts?"
"지구 최초의 생명체","the first life forms on Earth"
"반쯤 허물어진 건물","a half‑collapsed building"
"그리운 고교 시절","those fond high‑school days"
"키 크다고 뽐내지 마라","don’t brag just because you’re tall"
"형제가 달라도 너무 다르군","the brothers are far too different"
"호호, 이렇게 훌륭할 수가 있나","oh my, how can it be this excellent?"
"적절하지 못한 행동","inappropriate behavior"
"건물의 배치 형태","the layout of the buildings"
"연소자 관람 가","suitable for minors"
"세계 기록 보유자","a world record holder"
"결혼 오십 주년","the 50th wedding anniversary"
"게으른 사람이 성공하는 것 봤어?","have you ever seen a lazy person succeed?"
"성질이 요러니 누가 좋아하겠어?","with a temper like that, who would like you?"
"시속 70km의 속력","a speed of 70 km/h"
"너 누구한테 반말이야?","who are you talking down to?"
"오늘 간식은 뭐지?","what’s today’s snack?"
"일선 검찰을 지휘하는 검사장","a chief prosecutor who commands the front‑line prosecutors"
"사고 경위 조사","an investigation into the circumstances of an accident"
"화장실 벽에 있는 낙서들","graffiti on the bathroom wall"
"높디높은 가을 하늘","the lofty autumn sky"
"강대국에 희생된 민족","a people sacrificed to great powers"
"정성이 담긴 선물","a gift made with heartfelt care"
"책을 흥얼대는 소리","the sound of humming a tune"
"다른 사람들은 모두 어데 갔느냐?","where did everyone else go?"
"경찰 수사의 사각지대","blind spots in police investigations"
"이 일은 며칠이나 걸리겠니?","how many days will this take?"
"어깨를 드러내는 옷차림","an outfit that shows the shoulders"
"위험물에 다가서지 마시오","do not approach hazardous materials"
"특급 시설 완비","fully equipped with top‑tier facilities"
"그냥 주는 거니?","are you just giving it away?"
"우주 개발 계획","a space development plan"
"나는 아무거나 먹어도 돼","I can eat anything"
"정정한 벌목 소리","the honest, straightforward sound of logging"
"수영장에서 수영하며 노는 아이들","children playing and swimming in the pool"
"인삼 열두 뿌리","twelve ginseng roots"
"전작보다 나은 속편","a sequel better than the previous work"
"도내 체육 대회","a provincial sports meet"
"약장수를 삑 둘러싼 구경꾼","A crowd tightly surrounding the medicine peddler"
"궁전이 무색할 정도의 큰 저택","A mansion so big it makes a palace look modest"
"가지마다 풍성하게 맺은 열매","Fruit hanging abundantly on every branch"
"술 한잔 받으시고 기분 푸세요","Please have a drink and cheer up"
"이번 일은 네가 심했어","You went too far this time"
"부패한 정권의 잔해","The remnants of a corrupt regime"
"소설의 결말 부분","The ending part of the novel"
"자유주의 헌법 정신","The liberal spirit of the constitution"
"그저 네가 참아라","Just bear with it"
"아아! 이게 어찌 된 일인가?","Ah! What on earth has happened?"
"예쁘게 쓴 글씨","Neatly written handwriting"
"남도 특유의 억센 억양","The distinctive strong accent of the southern provinces"
"제복을 입은 군인","A soldier in uniform"
"노동에 의한 소득","Income from labor"
"흰 물결이 밀려오는 바닷가","A seashore with white waves rolling in"
"관계자 외 출입 금지","No entry except authorized personnel"
"칠천만 국내외 동포","70 million compatriots at home and abroad"
"이것 좀 드세요","Please have some of this"
"인공 지능 기술의 활용 사례","Use cases for AI technology"
"의미 있는 웃음","A meaningful smile"
"원시 공산 사회","A primitive communist society"
"분위기에 걸맞은 옷차림","Attire that suits the occasion"
"합동 군사 훈련","Joint military exercises"
"일이 마치면 식당으로 와라","When you're done, come to the restaurant"
"조선 왕조 오백 년","The 500 years of the Joseon dynasty"
"단어의 형성 방법","Methods of word formation"
"내일 이맘때 만나자","Let's meet this time tomorrow"
"금연 실천 후기","A testimonial about quitting smoking"
"일본 경유 미국행 비행기","A U.S.-bound flight via Japan"
"경쾌한 느낌을 주는 음악","Music that gives a light, upbeat feel"
"매년의 성장 기록","Annual growth records"
"한층 높아진 질서 의식","A heightened sense of order"
"벼가 놓인 베개","A pillow with rice stalks laid on it"
"어머머, 기가 막혀!","Oh my, this is unbelievable!"
"길에 버려진 쓰레기","Trash thrown away on the street"
"초점 잃은 시선","An unfocused gaze"
"직원 단합 운동회","A company sports day to build staff unity"
"이삿짐은 다 쌌니?","Have you finished packing for the move?"
"진심 어린 충고","Sincere advice"
"마당이 넓은 집","A house with a spacious yard"
"피리 부는 소년","A boy playing a flute"
"품질 규격 인증","Quality standards certification"
"이륙 때의 뭉클했던 감상","The moving feeling at takeoff"
"음성 신호의 전달","Transmission of voice signals"
"이 인간이 글쎄 또 사고를 쳤어","This guy, I swear, caused trouble again"
"사건 수사의 장기화","The prolonged investigation of the case"
"공사 기간 단축","Shortening the construction period"
"서로 다른 건의 사항","Different proposals"
"한가로이 그린 만화","A cartoon drawn leisurely"
"봉건 사회의 성립","The formation of feudal society"
"매운 담배 연기","Pungent cigarette smoke"
"해외 체류 기간","Period of stay abroad"
"정가 5,000원짜리 백반","A set meal with a list price of 5,000 won"
"이 밭의 임자가 누구요?","Whose field is this?"
"젊은 시절의 방황","The restless years of youth"
"공과 사의 구별","The distinction between public and private matters"
"웬만한 사람은 다 아는 일","Something most people know"
"어르신네는 차도가 좀 있으신지요?","Are the elders feeling any better?"
"빼빼 마른 사람","A very skinny person"
"방송국의 촬영이 허용된 재판","A trial where TV filming was allowed"
"권위 있는 논문","An authoritative paper"
"면역 저하 상태","An immunocompromised state"
"밥은 제때 챙겨 먹어라","Make sure you eat on time"
"역량 있는 지도자","A capable leader"
"남성 의류 매장","A men's clothing store"
"볼일 끝났으면 돌아가거라","If you're done, go back"
"유가 보상이 가능한 재활용품","Recyclables eligible for a deposit refund"
"속임수가 능한 사람","A person skilled at deception"
"구청의 호적 담당 계원","A district office clerk in charge of family registers"
"별일 없으면 나 좀 도와주게","If nothing comes up, give me a hand"
"남아 선호 사상","A preference for sons"
"동구 앞 정자나무","The shade tree by the village entrance"
"기내 안전 교육","In-flight safety briefing"
"요년을 어디 가서 찾지?","Where am I supposed to find that bitch?"
"아득하게 들리는 엄마의 자장가","Mother's lullaby heard faintly in the distance"
"그 일이 있은 직후","Right after that happened"
"공연장을 가득 메운 관객들","An audience that packed the venue"
"서로를 더욱더 사랑하자","Let's love each other even more"
"생산성이 큰 접사","A high-yield graft"
"어휴, 바빠서 정신이 없군","Whew, I'm so busy I can't think straight"
"너 굶어 죽을 작정이냐?","Are you planning to starve to death?"
"인구 증가 억제","Curbing population growth"
"무역 우대 조치","Preferential trade measures"
"뚱딴지처럼 난데없이 무슨 소리야","What are you saying out of nowhere?"
"자연스러워 보이는 행동","Natural-looking behavior"
"테니스 남자 단식 준결승","The men's singles tennis semifinal"
"에이그, 이를 어쩌면 좋아","Oh dear, what should I do about this?"
"커다란 짐승 한 마리","A large animal"
"농가 개량 사업","A farm improvement project"
"푸른 하늘을 날아가는 비행기","An airplane flying across the blue sky"
"개뿔 같은 소리","That's complete bullshit"
"살이 제법 퉁퉁히 찐 아이","A child who's gotten quite chubby"
"세련되고 품위 있는 가구","Sophisticated, elegant furniture"
"상자는 여기에다가 둘까?","Should I put the box here?"
"무상 의무 교육","Free compulsory education"
"문학상 수상 작가","A literary prize-winning author"
"법령의 유효 기간","The period a law is in effect"
"가장을 정점으로 하는 가족 사회","A family system centered on the head of household"
"활처럼 굽은 길","A road curved like a bow"
"고대 국가의 형성","The formation of ancient states"
"유리문에 비친 동생의 모습","My younger sibling's reflection in the glass door"
"민주적 대항 세력","Democratic opposition forces"
"두툼한 겨울 옷차림","A thick winter outfit"
"건물 시세 평가","An appraisal of a building's market value"
"정국 주도를 위한 전략","A strategy to take the lead in national politics"
"두 남녀의 애틋한 사랑","The tender love between a man and a woman"
"그사이 왜 안 오셨어요?","Why didn't you come in the meantime?"
"트럭 두 대 분량","The equivalent of two truckloads"
"마약류 투약 단속","A crackdown on drug use"
"인구 구성 비율","The population composition ratio"
"밖이 왜 이리 떠들썩하느냐?","Why is it so noisy outside?"
"그것들 참 기특하기도 하지","They're really admirable"
"인제라도 기권하는 것이 어때?","How about dropping out now?"
"글의 전개 수법","The technique for developing a piece of writing"
"소금의 강한 탈수 효과","The strong dehydrating effect of salt"
"이 중에서 하나만 택하세요","Choose just one of these"
"힘 닿는 한 도와주마","I'll help as much as I can"
"평화적 정권 이양","A peaceful transfer of power"
"사과 모양 의자","An apple-shaped chair"
"공장 부지 매입","Purchase of factory land"
"수강 신청 철회 기간","The course registration withdrawal period"
"불공정 거래 행위","Unfair trade practices"
"당장 여기를 떠나라","Leave here immediately"
"당장 그자를 없애 버려라","Get rid of that guy immediately"
"정상 회담 개최","Holding a summit"
"고추기름에 볶아 매콤한 버섯볶음","Spicy stir-fried mushrooms sauteed in chili oil"
"대회 역사상 최연소 우승자","The youngest winner in the tournament's history"
"장관 명의의 확인서","A certificate in the minister's name"
"김이 모락모락 피어오르는 찻잔","A teacup with steam curling up"
"허허, 안 될 말이지","Heh, that's not going to work"
"양국의 공동 관심사","A shared concern of the two countries"
"남북 정상 회담","A North-South summit"
"달에 착륙한 아폴로 우주인들","The Apollo astronauts who landed on the moon"
"잘 포장된 보도","A well-packaged news report"
"섭씨 35도를 넘는 무더위","Sweltering heat over 35 C"
"한일 어업 협정","The Korea-Japan fisheries agreement"
"고거 참, 여우 같네","Well now, that's sly as a fox"
"묵을 맛있게 무쳤구나","You seasoned the acorn jelly deliciously"
"측근에 있는 사람","Someone in his inner circle"
"한 쌍의 젊은 남녀","A young couple"
"방문을 닫고 나와라","Close the door and come out"
"세계 기록 작성자","A world record setter"
"늑대 우는 소리","The sound of wolves howling"
"철을 함유한 광석","Iron-bearing ore"
"천연 과즙 음료","A natural fruit-juice drink"
"힘차게 뻗은 산줄기","A mountain range stretching powerfully"
"기름진 논과 밭","Fertile rice paddies and fields"
"면역 체계의 활성화","Activation of the immune system"
"다른 사람의 꿈을 비웃지 마","Don't laugh at someone else's dreams"
"매일 반복되는 단조로운 일상","A monotonous daily routine repeated every day"
"대통령 연두 기자 회견","The president's New Year press conference"
"쫄깃쫄깃한 라면의 면발","Chewy ramen noodles"
"대통령 직속 자문 기관","A presidential advisory body"
"지금이 정확히 몇 시지요?","What time is it exactly?"
"사업 자금 대출","A business loan"
"은행 대출에 필요한 서류","Documents required for a bank loan"
"배움에 대한 갈망","A thirst for learning"
"국경을 초월한 사랑","Love that transcends borders"
"하늘과 바다가 맞붙은 수평선","The horizon where sky meets sea"
"탁월한 임상 효과","Outstanding clinical efficacy"
"아, 추워. 담요 좀 가져다줘","Ah, it's cold. Bring me a blanket"
"낚싯밥에 걸려든 붕어","A crucian carp caught on the hook"
"수업을 마치고 귀가하는 학생들","Students heading home after class"
"마당에 팬 구덩이","A pit dug in the yard"
"배가 고파서 우는 아기","A baby crying because it's hungry"
"기어코 해내고야 말겠다는 결심","A resolve to get it done no matter what"
"그동안 가내 두루 평강하셨습니까?","Have all in your household been well in the meantime?"
"노후 건물 개조","Renovation of an old building"
"투박하게 짠 양말","Rough-knit socks"
"돼지띠면 나랑 동갑이네","If you're a Pig-year, we're the same age"
"노사 분규 완전 타결","A complete settlement of a labor-management dispute"
"외국 문물에 대한 분별없는 모방","Indiscriminate imitation of foreign culture"
"신분 보장의 불확실성","Uncertainty about status security"
"안개에 휩싸인 마을","A village shrouded in fog"
"대륙 간에 행해지는 무역","Intercontinental trade"
"명예를 좇는 젊은이","A youth who pursues honor"
"이웃 마을에 사는 친구","A friend who lives in the neighboring village"
"어린이 유괴 사건","A child abduction case"
"꼬치에 끼워 말린 곶감","Dried persimmons strung on a skewer"
"축구 국가대표 평가전","A national team soccer friendly"
"눈빛이 파란 고양이","A cat with blue eyes"
"태양의 바깥 궤도를 도는 행성","A planet orbiting in the sun's outer reaches"
"까만 옛날의 일","A dark thing from long ago"
"엿새 동안의 휴가","A six-day vacation"
"두 줄을 띄고 써라","Leave two blank lines between"
"파란 하늘빛 물감","Sky-blue paint"
"전쟁터에서 살아온 군인","A soldier who survived the battlefield"
"네년 이름이 뭐냐?","What's your name, you bitch?"
"같은 직종에 종사하는 사람","Someone in the same line of work"
"황량하고 을씨년스러운 풍경","a desolate, bleak landscape"
"고추냉이를 푼 간장","soy sauce mixed with wasabi"
"눈같이 흰 박꽃","gourd blossoms white as snow"
"선체 인양과 실종자 수색","raising the hull and searching for the missing"
"무상 분양 행사","a free distribution event"
"기생이 나오는 술집","a tavern with gisaeng entertainers"
"절묘하게 생긴 기암괴석들","strangely shaped rock formations"
"산수를 그린 병풍","a folding screen painted with landscapes"
"폭격을 맞고 주저앉은 건물","a building that collapsed after being bombed"
"앞으로 무슨 일을 할 작정인가?","what are you planning to do from now on?"
"하반기 결산 보고","a second-half closing report"
"그 꼴로 어딜 그렇게 돌아다녔니?","where were you going around looking like that?"
"골짜기에 흐르는 시냇물","a stream flowing through the valley"
"애정 어린 손길","a loving touch"
"채용 인원과 방법","the number of hires and the hiring method"
"어둠이 깃든 방 안","a room steeped in darkness"
"예사롭지 않은 징조","an ominous sign"
"생선이 썩는 고약한 냄새","the foul stench of rotting fish"
"잿더미만 남은 참담한 전쟁터","a devastated battlefield reduced to ashes"
"당신의 아내 보냄","sending your wife"
"산사태 우려 지역","a landslide-prone area"
"증기 기관차의 몸체","the body of a steam locomotive"
"진작 말할 것이지","you should have said so earlier"
"통화의 안정적 관리","stable management of the currency"
"대학 병원에서 근무하는 간호사","a nurse working at a university hospital"
"경제 성장의 원동력","the driving force behind economic growth"
"그동안 무고히 잘 지냈는가?","have you been well all this time?"
"성냥으로 불장난하지 마라","do not play with fire using matches"
"강가를 거니는 연인","a couple strolling by the river"
"살찐 뚱뚱한 사람","a very fat person"
"빈번한 사건 발생","frequent incidents"
"귀염둥이 기초반 친구들","the cute kids in the beginner class"
"기자를 사칭한 사기꾼","a scammer posing as a reporter"
"이상향에 대한 동경","a longing for an ideal world"
"감정의 미묘한 변화","subtle changes in emotion"
"석연하지 않은 표정","a dubious expression"
"아프리카의 성자 슈바이처","Schweitzer, the saint of Africa"
"긴박한 대치 국면","a tense standoff"
"인마, 너나 잘해","hey, worry about yourself"
"놓치기가 아까운 인재","talent too good to pass up"
"당신이 뭔데 남의 일에 참견이야?","who are you to meddle in other people's business?"
"고통받는 이에게 축복을 내리소서","grant blessings to those who suffer"
"평생을 두고 잊지 못할 일","something you will never forget for the rest of your life"
"조금 기다려 주세요","please wait a moment"
"허구로 밝혀진 증언","testimony revealed to be false"
"폐수에 오염된 강물","river water polluted by wastewater"
"고요하게 흐르는 강물","a river flowing quietly"
"평화로운 전원의 풍경","a peaceful countryside scene"
"늪에서 자라는 식물","plants growing in a swamp"
"광명의 새 세상","a bright new world"
"생생한 현장 묘사","a vivid on-site description"
"경제 분야의 전문가","an expert in economics"
"돕지는 못할망정 방해나 말아 줘","if you cannot help, at least do not get in the way"
"시간을 지체하지 마라","do not waste time"
"태풍이 지나간 자리","the aftermath of a typhoon"
"박력 있는 사나이","a man with drive"
"가고 싶은 고향","a hometown you want to visit"
"왕복으로 세 시간 걸리는 거리","a distance that takes three hours round trip"
"고속 주행 하는 자동차","a car traveling at high speed"
"액자를 쪼끔 올려서 걸어라","hang the frame a little higher"
"오곡이 무르익는 옥토","fertile soil where the five grains ripen"
"손님에게 방석을 내드려라","offer the guest a cushion"
"끝없이 펼쳐진 초원","endless grassland"
"이리저리 거리에 뒹구는 낙엽","fallen leaves rolling around the streets"
"한가로운 오후 시간","a leisurely afternoon"
"연예 담당 기자","an entertainment reporter"
"차세대를 겨냥한 상품","a product aimed at the next generation"
"동네 사람들로 빼곡한 마을 회관","a community hall packed with locals"
"이별의 한을 표현한 작품","a work expressing the sorrow of parting"
"안개가 자옥한 숲속","a forest thick with fog"
"너 아침 먹었니?","did you eat breakfast?"
"밥알 한 알갱이","a single grain of rice"
"교회 꼭대기에 선 십자가","the cross standing atop the church"
"괴상하게 생긴 장난감","a bizarre-looking toy"
"엄마, 응가 마려워요","Mom, I need to poop"
"그대는 속히 대답하시오","you, answer at once"
"활찐 트인 평야","a wide-open plain"
"포획의 왕자 표범","the leopard, prince of the hunt"
"내게 유감이 있으면 말해 보아라","if you have a grievance with me, say it"
"너부터 먼저 먹어라","you eat first"
"놀라운 기술 혁신","remarkable technological innovation"
"색다른 기술로 만든 신제품","a new product made with novel technology"
"가만, 저게 무슨 소리지?","wait, what is that sound?"
"옷은 옷장 안에 넣어라","put the clothes in the closet"
"방의 한쪽 모퉁이","one corner of the room"
"요것 참 희한하게 생겼네","this sure looks strange"
"땅에 떨군 음식","food dropped on the ground"
"총기 소지 면허","a firearms permit"
"찬란한 승리와 참담한 패배","a glorious victory and a crushing defeat"
"쓰레기가 쌓여 구질구질한 골목길","a grimy alley piled with trash"
"시간별 달의 고도","the moon's altitude by hour"
"못을 든든하게 박아라","hammer the nail in firmly"
"대부분이 인용으로 이루어진 글","a text made up mostly of quotations"
"장관을 지낸 사람","a former minister"
"수사 기관의 검증","verification by investigative authorities"
"야생 동물의 왕국","the kingdom of wild animals"
"뿌옇게 낀 안개","a hazy fog"
"1승 1무 1패","1 win, 1 draw, 1 loss"
"예의 바른 행동","polite behavior"
"하늘이 무섭지 않으냐?","aren't you afraid of heaven?"
"폐허가 된 신전","a ruined temple"
"혼자서는 다루기가 버거운 상대","an opponent too much to handle alone"
"쓸데가 있으니 돈을 좀 빌려줘","I need it for something, so lend me some money"
"헌법 개정안 공고","public notice of a constitutional amendment"
"런던 주재 특파원","a London-based correspondent"
"너희의 꿈을 이루어라","fulfill your dreams"
"평화 통일 지향","aiming for peaceful reunification"
"중점 추진 사항","priority initiatives"
"고난으로 얼룩진 인생","a life stained by hardship"
"매끈하게 단장한 집","a neatly spruced-up house"
"끊이지 않고 밀려드는 관객들","a never-ending stream of spectators"
"야심에 찬 젊은이","an ambitious young person"
"신문에 뭐라고 쓰여 있습니까?","what does it say in the newspaper?"
"등받이가 없는 의자","a chair without a backrest"
"대학 병원 의료진","medical staff at a university hospital"
"좁고 막다른 골목","a narrow dead-end alley"
"관계 당국의 발표","an announcement from the relevant authorities"
"국가 발전의 요체","the key to national development"
"얼어 죽은 사람","a person who froze to death"
"생산 활동의 위축","a contraction in production activity"
"울이 높은 물통","a water bucket with high sides"
"교통 체증 유발","causing traffic congestion"
"대학 입시 요강 확정","finalizing the university admissions guidelines"
"연민에 찬 눈빛","a gaze full of compassion"
"농산물 직판 시장","a direct-from-farmers market"
"파랗게 돋아나는 새싹","green shoots sprouting"
"국가대표 야구 선수","a national-team baseball player"
"중요한 단어에 밑줄을 그어라","underline the important words"
"전격 수색 작전","a blitz search operation"
"주목할 만한 대목","a noteworthy passage"
"주부를 대상으로 한 강습","a class aimed at homemakers"
"부드러운 안심으로 만든 돈가스","tonkatsu made with tender pork loin"
"객석을 꽉 메운 청중","an audience that filled the seats"
"숙련을 요하는 작업","a task requiring skill"
"학기말 시험 채점","grading end-of-term exams"
"선진 문물의 보급","the spread of advanced culture and technology"
"무난한 빛깔의 한복","a hanbok in a modest color"
"교육 기회의 평등","equality of educational opportunity"
"태풍이 닥칠 징후","signs of an approaching typhoon"
"끈기 있는 사람","a persistent person"
"연인과의 달콤한 입맞춤","a sweet kiss with a lover"
"열악한 노동 조건","poor working conditions"
"나이와 능력에 따른 순차적 학습","sequential learning based on age and ability"
"수출 산업의 심각한 뒷걸음질","a serious setback in the export industry"
"한 아름의 꽃다발","an armful of flowers"
"달리는 기차에 뛰어오르지 마라","do not jump onto a moving train"
"먼 친척 할아버지","a grandfather from a distant branch of the family"
"마을과 동떨어진 집","a house isolated from the village"
"안팎이 다른 사람","someone who is different inside and out"
"어려운 농촌 현실","the harsh realities of rural life"
"이 우산 주인 없습니까?","does anyone own this umbrella?"
"민족 문화 수호 운동","a movement to protect national culture"
"야음을 틈탄 기습","a surprise attack under cover of night"
"우리의 영역을 침범한 적","enemies who invaded our territory"
"세계 문학 전집","a complete collection of world literature"
"신인 탤런트 선발 대회","a contest to select new talent"
"아파서 들뜬 얼굴","a fever-flushed face from illness"
"성서의 한 구절","a verse from the Bible"
"신제품에 대한 대대적인 홍보","a major promotional campaign for the new product"
"어찌 벌써 가시오?","why are you leaving already?"
"석양에 타는 저녁놀","the evening glow burning in the sunset"
"우뚝 솟은 산맥","a towering mountain range"
"아차, 깜박 잊었네","oops, I forgot"
"주방 딸린 셋방","a rented room with a kitchen"
"그는 인간이 틀렸어","he is a lost cause as a person"
"소방차 사이렌 소리","the sound of a fire truck siren"
"동생, 그동안 잘 지냈나?","little brother, have you been well?"
"일가가 되는 사람","someone who becomes family"
"정체가 불명한 괴한들","suspicious men of unknown identity"
"운동 경기 종목","sports event categories"
"악수로 퍼붓는 비","rain pouring down in sheets"
"밝은 색상의 옷감","bright-colored fabric"
"처남, 이리로 와서 한잔하지","brother-in-law, come over here for a drink"
"탁발한 기억력의 소유자","a person with a feeble memory"
"새 항로의 발견","the discovery of a new route"
"조선의 관직 체계","the official hierarchy of Joseon"
"정치 풍토 쇄신","a renewal of the political climate"
"신입생 등록 기간","freshman registration period"
"끝없는 갈등의 연속","an endless string of conflict"
"술 좀 작작 마셔라","cut back on the drinking"
"갖가지 야채를 얼린 샐러드","a salad with assorted frozen vegetables"
"경제 분야 관료","a bureaucrat in the economics sector"
"사철 푸른 나무","a tree that stays green year-round"
"현실과 비현실을 넘나드는 작품","a work that moves between reality and fantasy"
"누런 황토 먼지","yellow ocher dust"
"미래에 대한 예측","a prediction about the future"
"손쉬운 해결 방법","an easy solution"
"지하철 혼잡 시간","subway rush hour"
"내가 이런다고 야속해하지 말게","Don't take it personally just because I'm acting like this."
"할아버지께서 생전에 하신 말씀","What Grandpa said when he was alive."
"열차 전복 사고","A train derailment accident."
"의자를 창 쪽으로 다가 두어라","Move the chair closer to the window."
"마음을 짓누르는 걱정","Worries weighing on the heart."
"복잡하게 얽힌 이해관계","Complicated, tangled interests."
"놀라운 광경의 전개","A startling scene unfolding."
"재생 녹화 방송","A rebroadcast of a recorded program."
"화덕 위에 얹힌 냄비","A pot set on a stove."
"울렁대는 이내 가슴","My chest churning."
"특허 무효 심판","A patent invalidation trial."
"불법 영업 중점 단속","A crackdown focused on illegal business operations."
"신정 국사 교과서","A newly revised national history textbook."
"큰댁에 좀 다녀오너라","Go visit the main house."
"독어로 된 원서","An original book in German."
"본고사 제도 부활","Revival of the main entrance exam system."
"그럼 모레 오시지요","Then please come the day after tomorrow."
"정부 출연 기관","A government-funded institution."
"성폭력 예방 대책","Measures to prevent sexual violence."
"완전 경쟁 시장","A perfectly competitive market."
"선조를 모신 사당","A shrine honoring ancestors."
"인도에 벗어나는 행동","Behavior that violates human decency."
"느릿느릿 짠 옷감","Slowly woven fabric."
"국제 대회 정상 등극","Taking the top spot in an international competition."
"남의 물건을 탐내지 마라","Don't covet others' belongings."
"귀족 사회의 분열과 대립","Division and conflict within aristocratic society."
"신입 사원 공채","Open recruitment of new employees."
"자장면 한 그릇","A bowl of jajangmyeon."
"젊고 건장한 남자","A young, sturdy man."
"제도의 보완 작업","Work to improve the system."
"이런 답답한 양반을 봤나","I've never seen such a frustrating fellow."
"일생 잊을 수 없는 일","Something you can never forget in a lifetime."
"이 일부터 우선 해결하자","Let's deal with this first."
"자료 수집 대행 업무","Work of collecting data on behalf."
"계급 간의 대립","Class conflict."
"한밤의 깊은 정적","The deep silence of midnight."
"미국 본토 발음","Mainland U.S. pronunciation."
"삼 할 오 푼의 높은 타율","A high .350 batting average."
"식사 습관과 비만의 관련성","The relationship between eating habits and obesity."
"자존심이 상하는 일","Something that hurts your pride."
"속이 들어찬 배추","A cabbage with a full head."
"맥주의 연간 소비량","Annual beer consumption."
"머리맡에 놓은 물그릇","A bowl of water by the bedside."
"나더러 어쩌란 말이냐?","What am I supposed to do?"
"일회용 종이 기저귀","Disposable paper diapers."
"남자의 억센 손아귀","A man's tough grip."
"낙동강 중류 연안","The midstream banks of the Nakdong River."
"쨍쨍 내리쪼이는 햇볕","The blazing sun beating down."
"시와 수필을 실은 잡지","A magazine carrying poems and essays."
"슬기로 빛나는 눈","Eyes shining with wisdom."
"찌가 움직이는지 잘 보고 있어라","Watch carefully to see if the float moves."
"그따위 짓거리 당장 그만두어라","Stop that nonsense right now."
"몇 호실에 입원하였느냐?","Which room were you admitted to?"
"원방에서 오신 손님","A guest from afar."
"시공 중인 다리","A bridge under construction."
"아기자기했던 학창 시절","Those quaint school days."
"땀 흘려 농사짓는 농부","A farmer working the fields in sweat."
"싱싱하게 팔딱이는 생선","A fresh fish flopping around."
"전쟁에 나간 군인","A soldier gone off to war."
"도수 재활 운동","Manual rehabilitation exercises."
"무어, 형님이 오셨다고?","What, big brother is here?"
"어머니의 손맛이 배어 있는 음식","Food with a mother's homemade touch."
"소유권에 대한 적법한 권리","A lawful right to ownership."
"전몰 군경 유가족","Bereaved families of fallen soldiers and police officers."
"각도 큰 변화구","A breaking ball with a big break."
"마음을 집중해서 공부해라","Focus your mind and study."
"참고 문헌 목록","A list of references."
"앞장서 가는 골목대장","The alley boss leading the way."
"요건 어떻게 할까?","What should we do about this?"
"훈련 경계경보 발령","Issuance of a training alert."
"인간 중심적 세계관","A human-centered worldview."
"포근한 햇솜 이불","A cozy cotton-batting quilt."
"관광 휴양 도시","A tourist resort city."
"고온 다습한 기후","A hot, humid climate."
"국가 자격 시험 응시 수수료","The fee to sit for a national certification exam."
"검정 치마에 흰 저고리","A black skirt and a white jeogori."
"네 귀퉁이가 다 닳은 책","A book worn at all four corners."
"안 될 일은 일찌감치 걷어치워라","Drop what won't work early."
"고 녀석 참 야무지게 생겼군","That kid looks really capable."
"신용 카드 사용자","A credit card user."
"세대 간의 대립","Intergenerational conflict."
"못 보는 사이에 훌쩍 자랐구나","You've grown so much since I last saw you."
"독특한 채색 기법","A distinctive coloring technique."
"한갓 돈만을 위해서 사는 삶","A life lived solely for money."
"부동산 가격의 급락","A sharp drop in real estate prices."
"어떠한 자극도 없는 무료한 일상","A dull daily life without any stimulation."
"내가 살던 고향","My hometown where I used to live."
"좌우에 펼쳐진 논과 밭","Rice paddies and fields spread out on both sides."
"회장 후보로 지목된 사람","A person nominated as a chairperson candidate."
"너 이따 나 좀 보자","See me later."
"이것 좀 살짝 들어 봐라","Lift this a bit."
"씩씩하고 활기찬 걸음걸이","A brisk, energetic stride."
"나무 그늘 아래에서 쉬었다 가자","Let's rest under the shade of a tree."
"도덕성 회복 운동","A movement to restore morality."
"견딜 수 없는 죄책감","Unbearable guilt."
"고층의 대기 현상","Upper-atmosphere phenomena."
"붉은빛이 도는 사과","An apple with a reddish hue."
"가급적이면 빨리 가도록 해라","If possible, go quickly."
"장밋빛으로 물든 하늘","A sky tinged with rose."
"자동차 등록 사업소","A vehicle registration office."
"다음 단계에 배울 내용은 뭐지?","What will we learn in the next stage?"
"거미줄에 걸린 나방","A moth caught in a spiderweb."
"쉬! 조용히 하고 가만히 앉아","Shh! Be quiet and sit still."
"당사자가 처리할 문제","A matter for the person involved to handle."
"근육질의 단단한 몸","A solid, muscular body."
"국회 의원 보좌관","A National Assembly member's aide."
"도난 차량 신고","A report of a stolen vehicle."
"사람들의 발길에 꺾인 꽃","A flower trampled underfoot."
"국군에게 포착된 공비","A guerrilla captured by the ROK forces."
"우뚝 솟은 철탑","A towering steel tower."
"인생의 새로운 출발","A new start in life."
"끝까지 방심하지 마라","Don't let your guard down to the end."
"건물로 생긴 돈","Money made from a building."
"제복을 입고 모자를 쓴 군인","A soldier in uniform wearing a cap."
"글의 전체적 개요","The overall outline of the text."
"국민의 호응과 격려","The public's support and encouragement."
"안통이 큰 단지","A wide-mouthed jar."
"근대와 전근대의 공존","The coexistence of the modern and the premodern."
"경기 이북 지방","The northern part of Gyeonggi Province."
"흔히 일어나는 사건","A commonly occurring incident."
"풍요 속의 빈곤","Poverty amid plenty."
"올림픽 기념 건조물","An Olympic memorial structure."
"단단히 속이 찬 배추","A cabbage with a firm, full head."
"수박 한 덩어리","A whole watermelon."
"깨끗이 빤 걸레","A freshly washed rag."
"증기 기관의 발명","The invention of the steam engine."
"정성이 드러나는 선물","A gift showing heartfelt care."
"글쎄, 잘 모르겠는데요","Well, I'm not sure."
"기내 반입 제외 물품","Items excluded from carry-on baggage."
"자원 재활용 정책","A resource recycling policy."
"이 구두의 값이 얼마요?","How much are these shoes?"
"온라인 쇼핑 사업자","An online shopping business operator."
"원전에 충실한 번역","A translation faithful to the original."
"과열 입시 교육","Overheated entrance-exam education."
"손님을 어서 안방으로 모셔라","Please show the guest into the inner room."
"무늬 고운 호랑나비","A tiger swallowtail with beautiful markings."
"앞을 내다보는 통찰력","Insight that sees ahead."
"고걸 이리 좀 다오","Bring that over here."
"사업자 등록 사실 여부 확인서","A certificate verifying business registration status."
"청약 예금 가입자","A subscription savings account holder."
"아무 빈자리나 가서 앉으십시오","Please go sit in any empty seat."
"방문을 닫고 다녀라","Close the door when you go in and out."
"권세 있는 집안","A powerful family."
"소득 수준 향상","Improvement in income levels."
"잇단 범죄 사건","A series of crime incidents."
"박사 학위 수여","Conferral of doctoral degrees."
"합격 대상자 명단","The list of successful candidates."
"수사를 맡은 형사","The detective in charge of the investigation."
"사옥 이전 공사","Company headquarters relocation work."
"깨알 같은 글씨","Tiny print."
"현금의 정치 모습","Cash-based politics."
"전략이 뛰어난 지략가","A strategist with excellent tactics."
"정치 자금 유용","Misuse of political funds."
"추수가 한창인 논","Rice paddies in the midst of harvest."
"학생 1인당 월평균 사교육비","Average monthly private-education spending per student."
"관료주의에 대한 반감","Resentment toward bureaucratism."
"가슴속 깊이 간직한 추억","A memory held deep in the heart."
"청소년을 위한 철학 교실","A philosophy class for teens."
"지붕으로 스민 물","Water seeped through the roof."
"괜한 짓 하지 마라","Don't do anything unnecessary."
"반드시 시간에 맞추어 오너라","Be sure to come on time."
"충실히 자란 아이","A child who has grown up well."
"컴퓨터 프로그램 내장 방식","A method for embedding a computer program."
"이제부터 나와 친하게 지내자","From now on, let's be close friends."
"저 의자를 이쪽으로 가져오너라","Bring that chair over here."
"총에 실탄을 재 놓아라","Load live rounds into the gun."
"얼핏 떠오르는 생각","A fleeting thought."
"한강 상류 지역","The upper Han River region."
"예수 그리스도의 강생과 부활","The incarnation and resurrection of Jesus Christ."
"상식 밖의 행동","Behavior outside common sense."
"그녀에게 이 편지를 전해 주세요","Please deliver this letter to her."
"된장국 한 사발","A bowl of soybean paste soup."
"맘속으로만 생각하던 말","Words I kept only in my heart."
"카드 사용 금액 합산","Totaling card spending."
"저소득층 지원 정책","Policies to support low-income groups."
"출입 금지 구역","A restricted area."
"탄력 있는 목소리","A lively, resonant voice."
"찌는 듯한 더위","Scorching heat."
"네 뜻이 그렇다면 한번 해 봐라","If that's what you want, give it a try."
"자산이 100억 이상인 자산가","A person with assets of at least 10 billion won."
"너 말고 네 친구","Your friend, not you."
"세계 최강의 실력","World-class ability."
"앞발을 더 내밀어","Stretch your front paw further."
"빠져나가려고 버둥거리는 몸부림","A struggle to break free."
"생산 비용 최소화 방안","Measures to minimize production costs."
"하늘을 날아오르는 비행기","A plane soaring into the sky."
"귀신 들린 사람","A possessed person."
"절제 있는 생활","A disciplined life."
"체질에 맞는 보약","A tonic suited to your constitution."
"건축가가 설계한 집","A house designed by an architect."
"속이 알찬 사람","A person of substance."
"커튼이 늘어진 방","A room with curtains hanging down."
"얼싸, 좋네. 얼싸, 좋아","Hurray, that's great. Hurray, it's good."
"광산에서 석탄을 캐는 광부","A miner who digs coal in a mine."
"감성 충만 콘서트","An emotionally charged concert."
"우리 겨레의 염원","The heartfelt wish of our people."
"이슬을 머금은 꽃잎","Petals beaded with dew."
"지휘 계통의 단일화","Unification of the chain of command."
"바다와 하늘이 맞닿은 수평선","The horizon where sea and sky meet."
"시가 백만 원 상당의 시계","A watch worth about one million won."
"연소자 입장 불가 영화","A film off-limits to minors."
"태도가 분명한 사람","A person with a clear attitude."
"학교 부근의 주민들","Residents near the school."
"민간 항공기 피격 사건","The shootdown of a civilian aircraft."
"화재 예방 기간","A fire-prevention period."
"헐렁하고 얇은 코트","A loose, thin coat."
"이 뚱보 돼지야!","You fat pig!"
"복권 당첨 발표","Lottery results announcement."
"전몰 호국 영령","The spirits of those who fell defending the nation."
"가족 상실로 인한 우울증","Depression due to the loss of family."
"청중을 휘어잡는 강렬한 몸짓","Powerful gestures that captivate the audience."
"종합 편의 시설","A comprehensive amenities complex."
"산초 냄새가 향긋한 국","Soup fragrant with sancho pepper."
"저리 가 있어라","Go over there and stay."
"사교육 실태 조사","A survey of the state of private tutoring."
"행정 안전부 장관","Minister of the Ministry of the Interior and Safety."
"독을 묻힌 화살","A poisoned arrow."
"자원의 효율적 이용","Efficient use of resources."
"미스 리, 나 점심 먹고 올게","Miss Lee, I'll go eat lunch and be back."
"성장 일로에 있는 회사","A company on a steady growth path."
"화살표 방향으로 가시오","Proceed in the direction of the arrow."
"대나무로 만든 갈퀴","A rake made of bamboo."
"사법 제도 개혁","Judicial system reform."
"초보자치고는 괜찮은 솜씬데?","For a beginner, that's pretty good skill, isn't it?"
"서울시 소속의 공무원","A civil servant with the Seoul Metropolitan Government."
"태양초로 빻은 고춧가루","Chili powder ground from sun-dried peppers."
"고수의 북 반주","Drum accompaniment by a master."
"그 사람 농담에 개의치 마라","Don't pay attention to his jokes."
"사전 구속 영장 발부","Issuance of a pretrial detention warrant."
"해당 업무를 주관하는 관청","The government office in charge of that work."
"안녕, 또 만나자","Bye, see you again."
"여우에게 먹힌 닭","A chicken eaten by a fox."
"입성이 초라한 젊은이","A young person with a shabby appearance."
"일상사의 자잘한 이야기","Little stories of everyday life."
"제주 앞바다에 사는 돌고래","Dolphins living off the coast of Jeju."
"네 의견은 어떠니?","What do you think?"
"과학 연구자의 자질","Qualities of a scientific researcher."
"아카데미상을 휩쓴 영화","A film that swept the Academy Awards."
"음미할 만한 이야기","A story worth savoring."
"길가에 굴러다니는 돌","A stone rolling around by the roadside."
"자금 동원 능력","Ability to mobilize funds."
"날로 쪼들리는 서민들의 생활","Ordinary people's lives growing more strained by the day."
"두뇌 기능의 극대화","Maximizing brain function."
"아차, 우산을 놓고 왔구나!","Oops, I left my umbrella!"
"너그러운 물 흐름","A generous flow of water."
"벼농사에 적합한 기후","A climate suitable for rice farming."
"이상과 현실의 간격","The gap between ideals and reality."
"무책임한 보도 난무","Irresponsible reporting is rampant."
"구겨진 휴지 조각","A crumpled piece of tissue."
"이 판국에 헛소리하게 생겼는가","At a time like this, are you going to spout nonsense?"
"나는 청소 당번이 아니야","I'm not on cleaning duty."
"아야, 그걸 내가 미처 몰랐구나","Ouch, I hadn't realized that."
"햇볕이 쨍쨍 내리쬐는 한낮","A midday with blazing sunshine."
"돈만 있으면 제일이냐?","Is money all that matters?"
"장거리를 운행하는 화물차","A long-haul freight truck."
"부족 국가의 제사장","A priest of a tribal nation."
"원망에 찬 얼굴","A face filled with resentment."
"80리 남짓한 행정","An administrative district of about 80 ri."
"사건 해결의 주역들","The key figures who solved the case."
"보기 드문 절세미인","A rare, breathtaking beauty."
"정기 간행물 구독 신청","Subscription application for a periodical."
"필자가 안 밝혀진 책","A book with the author undisclosed."
"잘 손질한 모시 적삼","A well-tailored ramie undershirt."
"정부의 보조금을 받은 사업","A project that received government subsidies."
"농촌 문제에 대한 이론적 접근","A theoretical approach to rural issues."
"온건파와 개혁파의 충돌","A clash between moderates and reformists."
"화물 이송 열차","A cargo transport train."
"흰 티를 입은 소년","A boy in a white T-shirt."
"살다 보니 별소리를 다 듣겠군","Living life, you hear all sorts of nonsense."
"내 속뜻은 그게 아니었어","That's not what I really meant."
"방문자를 정중하게 모셔라","Receive the visitors politely."
"시장을 지나다니는 행인","Passersby walking through the market."
"관계 기사 참조","See the related articles."
"다음날에 만나면 식사나 하죠","Let's meet the next day and have a meal."
"저수지 물의 방류","Release of reservoir water."
"조율이 잘된 악기","A well-tuned instrument."
"오랜만에 소주 한잔 어때?","How about a glass of soju after a long time?"
"자태가 아름다운 여인","A woman with a graceful bearing."
"최악의 유혈 충돌","The worst bloody clash."
"고체로 쓴 글씨","Writing made with a solid medium."
"이광수 작의 <무정>","Yi Gwang-su's <Mujeong>."
"전통문화의 계승과 발전","Inheritance and development of traditional culture."
"소설의 시대별 양상","The characteristics of novels by era."
"어쭈, 네가 감히 나한테 대들어?","Oh? You dare talk back to me?"
"기름기가 많은 고기","Fatty meat."
"지하철 공사 제13공구","Subway construction Section 13."
"돌이킬 수 없는 실수","An irreversible mistake."
"한편이 되었으니 암튼 잘해 보자","Now that we're on the same side, let's do our best."
"인간의 잠재 가능성","Human potential."
"제발, 그 시시한 얘기 관둬라","Please, drop that trivial talk."
"시시각각으로 변하는 유행의 흐름","The ever-changing flow of trends."
"유리로 만든 잔","A glass cup."
"수입 금지 품목","Items banned from import."
"현행 제도의 불합리성","The irrationality of the current system."
"난데없는 아우성 소리","A sudden outcry."
"과실 수확 후 과원 관리 요령","Orchard care tips after fruit harvest."
"변종 악성 코드","A variant strain of malicious code."
"알싸한 맛이 일품인 파김치","Scallion kimchi with a wonderfully spicy bite."
"유서 깊은 고장","A place rich in history."
"그새 별일 없었지?","Nothing unusual happened in the meantime, right?"
"저게 다 뭐니?","What on earth is all that?"
"타인 발행 수표","A check issued by someone else."
"새로운 야당의 출범","The launch of a new opposition party."
"근거 없는 낭설","Groundless rumors."
"후보 지명 수락 연설","An acceptance speech for the nomination."
"방금 전에 난 소리","The sound from just a moment ago."
"출국 제한 완화","Easing of exit restrictions."
"인력과 기술이 풍부한 국가","A country rich in manpower and technology."
"계절의 여왕 오월","May, the queen of the seasons."
"아무 날 아무 시","Any day, any time."
"엥, 고얀 놈들","Huh, you cheeky punks."
"막대한 제작비가 든 초대형 영화","A blockbuster with an enormous production budget."
"이쪽으로 가까이 오너라","Come closer this way."
"최근 경제 동향","Recent economic trends."
"실전에 근사한 군사 훈련","Military training close to real combat."
"무소속 국회 의원","An independent National Assembly member."
"농수산물 가격 표시판","A price board for agricultural and fishery products."
"따스한 바깥 날씨","Warm weather outside."
"잡초만 무성한 폐허","Ruins overgrown with weeds."
"목적과 수단의 전도 현상","A reversal of ends and means."
"기적을 행하는 초능력자","A psychic who performs miracles."
"대양으로 밀려가는 물결","Waves being pushed out into the ocean."
"운동장 정지 작업","Field leveling work."
"앞바퀴 구동 형식","Front-wheel drive layout."
"팔각기둥의 여덟 모서리","The eight corners of an octagonal pillar."
"봄을 기다리는 마음","A heart waiting for spring."
"어떤 자식이 그랬어?","Which punk did that?"
"여태 그것밖에 못 했니?","That's all you could do so far?"
"타지에서 전학 온 학생","A student who transferred from another region."
"전화 한 통화만 쓸 수 있을까요?","Could I make just one phone call?"
"군중의 열렬한 환호성","The crowd's enthusiastic cheers."
"정치에 무관심한 사람","A person indifferent to politics."
"낯을 깨끗이 씻어라","Wash your face clean."
"환경 오염의 심각성","The seriousness of environmental pollution."
"인류의 달 착륙 계획","Humanity's plan to land on the moon."
"국민의 기본적 의무","Citizens' basic duties."
"화원에서 사온 식물","A plant bought from a flower shop."
"거울 속에 비친 얼굴","A face reflected in the mirror."
"두 직선의 교차","The intersection of two straight lines."
"용돈을 아껴 써라","Be frugal with your allowance."
"먹고 싶은 만큼 마음껏 먹어라","Eat as much as you want."
"끝없이 펼쳐진 들판","An endless expanse of fields."
"세상 물정에 캄캄한 사람","Someone clueless about how the world works."
"으응, 이제 한결 나아","Mm, it's a bit better now."
"주택 전파 지원금","Relief funds for completely destroyed homes."
"밥 좀 팍팍 떠먹어라","Eat up—big bites of rice."
"한없이 넓은 사막","A boundlessly vast desert."
"알맹이가 빠진 말","Empty words with no substance."
"나에게 주어진 시간","The time given to me."
"몽고의 유럽 원정","The Mongol expeditions to Europe."
"경청한 가을 하늘","An autumn sky that listened intently."
"냉전 사상의 주입","Indoctrination of Cold War ideology."
"묻혀 있던 사건의 적출","Bringing a buried case to light."
"개인 소장 문헌","Privately held documents."
"옥같이 흰 얼굴","A face white as jade."
"경구용 고형 제제","An oral solid dosage form."
"우리나라 고유의 악기인 가야금","The gayageum, a traditional instrument of our country."
"주류와 비주류의 대립과 반목","Conflict and antagonism between the mainstream and the non-mainstream."
"중급 한국어 회화","Intermediate Korean conversation."
"길섶에 핀 코스모스","Cosmos flowers blooming by the roadside."
"떠날 차비를 서둘러라","Hurry and prepare the fare for the trip."
"예술의 사회적 작용","The social function of art."
"유전 탐사 지역","An oil exploration area."
"디지털 텔레비전의 전송 방식","Digital television transmission methods."
"살인 사건의 용의자","A suspect in a murder case."
"마음을 담은 편지","A heartfelt letter."
"인공 감미료 첨가","Addition of artificial sweeteners."
"한 폭의 풍경화","A landscape painting."
"이것 참 별맛인데","This has a peculiar taste."
"하늘에 흐르는 구름","Clouds drifting across the sky."
"바닷가에서 주워 온 자갈","Pebbles picked up at the beach."
"자네가 나서기 딱하다면 그만두게","If it's awkward for you to step in, then stop."
"물자 운송 차량","A supply transport vehicle."
"친구끼리 그만한 일로 돌아서다니","Friends turning their backs over something like that."
"저의 무례를 용서해 주십시오","Please forgive my rudeness."
"다리 저는 아이를 놀리면 못써요","Don't tease a child with a limp."
