무책임한 보도 난무,Irresponsible reporting is rampant.
성장기가 짧은 식물,A plant with a short growing season.
비싼 곡식을 팔아먹어요,I sell off the expensive grain
목표 생산량 돌파,Surpassing the target output.
숯불에서 튀는 불똥,Sparks flying from a charcoal fire.
죽음의 경계선을 넘어,I cross the boundary of death
당국에 수사를 요청해,I request an investigation from the authorities
이 판국에 헛소리하게 생겼는가,At a time like this do you think we can spout nonsense?
실업 문제의 해소,Resolution of the unemployment problem.
다리에 하자가 너무 많았어,There were too many defects in the bridge
거액의 계약금을 받았어요,I received a large contract deposit
가정에 대한 남편의 무관심,The husband's indifference to the family.
앞날이 뻔히 보였어,The future was plainly visible
내년 여름부터 사업에 착수했어,I began the business starting the following summer
손톱으로 얼굴을 할퀴어요,I scratch the face with my fingernails
누군가 그를 떠다밀어,Someone pushes him away
음악에 조예가 깊어,I am well-versed in music
평화적 정권 이양,Peaceful transfer of power.
껍질이 얇고 바삭한 옛날 통닭,Old-style whole chicken with thin crispy skin.
현대 미술의 아버지,The father of modern art.
너 아침 먹었니?,Did you eat breakfast?
낯선 지방으로 여행합니다,I travel to an unfamiliar region
난로가 벌겋게 달아올라,The stove glows red hot
가래에 피가 비쳤어요,There was blood in the phlegm
예상이 그대로 들어맞아,The prediction matches exactly
공터 부근을 배회합니다,I wander around the vacant lot
닭을 우리 속에 집어넣어요,I put the chicken into the pen
지목을 받쳐 놓았습니다,I propped up the land designation
나도 너만치 먹었어요,I ate as much as you did
나도 여력이 있어야 자네를 돕지,I need to have some leeway to help you too.
그때 일은 똑똑히 기억했어요,I remembered that event clearly
인체의 거부 반응,The body's rejection response.
소홀히 보아 넘겨요,I carelessly overlook it
세수를 깨끗이 했어,I washed my face clean
날씨가 무지 춥습니다,The weather is extremely cold
그녀는 친정에 기류를 부탁했어,She asked her parents' household to read the situation
간신히 여명을 부지합니다,I barely make it to dawn
돼지띠면 나랑 동갑이네,If you're a Pig year we're the same age.
제각기 한마디씩 했어,Each of them said a word
증기 기관차의 몸체,The body of a steam locomotive.
문 앞에서 손님을 맞이합니다,I greet guests at the door
횃불을 밝혀 들었습니다,I lit a torch and held it up
남의 탓으로 돌려,I blame it on others
나는 등이 간지러워 긁고 싶어,My back is itchy and I want to scratch
반찬을 냉장고에 넣어 두었습니다,I put the side dishes in the refrigerator
대법원에서 형을 확정했어,The Supreme Court confirmed the sentence
사고가 날까 두려워요,I'm afraid there will be an accident
경제적 안정을 되찾아요,I regain economic stability
연장자에게 우선순위를 주었습니다,I gave priority to the elders
그의 앞길은 탄탄해요,His future is solid
침을 꿀꺽 삼켰어요,I swallowed my saliva
알로록달로록 예쁜 치마,A pretty colorful skirt.
설날 아침에 떡국을 끓였어요,I cooked tteokguk on New Year's morning
저는 밥 한 그릇으로 충분해요,A bowl of rice is enough for me
여태 그것밖에 못 했니?,Is that all you could do so far?
차체는 멀쩡해도 엔진이 엉망입니다,The body is fine but the engine is a mess
과일로 술을 빚습니다,We brew alcohol with fruit.
새삼스러운 느낌이 들었어요,I felt a renewed sense.
국가의 주체는 국민이에요,The people are the sovereign of the nation.
그들은 소신대로 일했습니다,They worked according to their convictions.
미분양 물량이 늘어났어요,The volume of unsold units increased.
대문이 삐거덕거리며 열려,The front gate creaks open.
정치적 의도가 깔려 있어요,There is a political motive behind it.
판매자의 입장을 대변했어,I represented the seller's position.
비슷하게 세워진 기둥,Similar columns standing in a row.
전화 발신지 추적,Tracing the origin of a call.
형형색색의 문양을 넣었어요,I added patterns of many colors.
폭죽 터지는 소리가 요란했어,The sound of fireworks was loud.
공부할 시간이 줄어들어요,The time to study is decreasing.
시금치를 무쳐 먹었습니다,I ate seasoned spinach.
양팔을 번쩍 쳐들어요,I raise both arms high.
실전에 근사한 군사 훈련,Realistic military training for combat.
서 말 템이나 먹었습니다,I ate as much as three mal.
어린아이가 으앙 울었어요,The child cried waaah.
역량 있는 지도자,A capable leader.
일회용품의 사용을 규제해요,We regulate the use of disposable items.
오래 걸었더니 힘들어,I'm tired because I walked a long time.
전후의 비참을 겪었어,I went through the misery of the postwar period.
자로 쭉쭉 선을 그어요,I draw straight lines with a ruler.
유난히 반짝이는 별빛,Exceptionally sparkling starlight.
온갖 노력을 기울였어,I made every effort.
이왕의 일은 다 잊어버리자,Let's forget everything that's happened.
뇌에 손상을 입습니다,It causes damage to the brain.
보도를 따라 걸었습니다,I walked along the sidewalk.
추측과 다른 결과가 나왔어요,The outcome differed from our guess.
인내로 역경을 극복합니다,We overcome adversity through patience.
감기로 몸이 떨려,My body is shaking from a cold.
석연하지 않은 표정,An uneasy expression.
기자를 사칭한 사기꾼,A con artist posing as a reporter.
익사자 인양 작업,Recovery operations for drowning victims.
그는 몹시 난폭한 사람이에요,He is a very violent person.
줄 간격을 벌려요,I widen the line spacing.
목적지까지 무사히 가,I safely make it to the destination.
지금 당장은 괜찮았어,For the moment it was fine.
괜한 부산을 떨어,I make a needless fuss.
실내에서 조용히 했어요,We stayed quiet indoors.
장관을 지낸 사람,Someone who served as a minister.
그는 빚 때문에 고생을 해요,He suffers because of debt.
친구 아버지 장례식장에 다녀왔어,I went to my friend's father's funeral hall.
예상이 실제와 꼭 맞아떨어져,The prediction matches reality perfectly.
식구들이 밥상에 둘러앉아,The family sits around the table.
비둘기를 평화의 상징으로 삼았어요,They made the dove a symbol of peace.
득점의 기회를 놓쳐,I miss a scoring chance.
싱그러운 꽃 냄새,The fresh scent of flowers.
이달의 선수에 선정돼요,I am selected as player of the month.
부부간에도 동심은 쉽지 않습니다,Even between spouses childlike innocence isn't easy.
온라인 쇼핑 사업자,An online shopping business operator.
너 이따 나 좀 보자,See me a bit later.
형광등이 자주 껌뻑였어요,The fluorescent light flickered often.
근육이 불끈 솟았어,The muscles bulged.
주전자에 물을 끓여,I boil water in the kettle.
철봉에 매달려 턱걸이를 해요,I do pull-ups hanging from the bar.
자태가 아름다운 여인,A woman with a beautiful figure.
강도 행각을 벌입니다,They carry out robberies.
그는 걸핏하면 감정을 앞세웠어,He kept putting his emotions first at the slightest chance.
출산을 앞둔 산모,A pregnant woman about to give birth.
쌀통에 쌀을 담았습니다,I put rice into the rice bin.
강성 일변도의 외교 정책,A uniformly hardline foreign policy.
취기가 어린 말투,a tipsy tone of voice
나는 지금 막 집에 도착해,I just got home.
갓 딴 대추를 제사상에 올려요,I place freshly picked jujubes on the memorial table.
원서 접수가 완료되었습니다,The application submission was completed.
소문이 금세 퍼져요,The rumor spreads quickly.
어지간하면 네가 참아라,If you can you should just put up with it.
제동 거리가 짧습니다,The braking distance is short.
고함 소리가 들려왔어요,Shouting was heard.
홈으로 뛰고 있는 3루 주자,the runner on third base sprinting home
너에게만 비밀을 가르쳐 주마,I'll tell you a secret and only you.
그의 글은 간결하고 명료했어요,His writing was concise and clear.
큰비로 집이 침수돼요,The house gets flooded due to heavy rain.
육촌이면 가까운 친척입니다,A sixth cousin is a close relative.
여야 중진 회담이 성사돼요,A senior ruling-opposition meeting comes together.
주점에 들러 술을 한잔해요,I stop by a bar and have a drink.
남쪽을 향해 섰어요,I stood facing south.
이루어질 수 없는 사랑,a love that can never be fulfilled
부족 국가의 제사장,the priest of a tribal nation
가족의 안위를 돌봤어요,I looked after my family's well-being.
적군을 포로로 사로잡아,I capture enemy soldiers as prisoners.
제발 그 시시한 얘기 관둬라,Please cut out that trivial talk.
땀 흘려 농사짓는 농부,a farmer who toils in the fields
쌀에 콩을 섞어 밥을 지었어요,I cooked rice mixed with beans.
심한 욕은 듣기 거북했습니다,Harsh insults were unpleasant to hear.
시장 경제 체제로의 이행 과정,the transition process to a market economy
실종자의 생존 여부를 확인했습니다,We verified whether the missing person was alive.
남의 단처를 들어 이야기해요,I bring up someone else's flaws to talk.
무슨 꿍꿍이속이 있는 눈치였습니다,It seemed there was some ulterior motive.
성경에서 한 구절을 인용했어,I quoted a verse from the Bible.
동구 앞 정자나무,the zelkova tree in front of the east gate
이마가 두드러진 얼굴,a face with a prominent forehead
돈 낭비가 심했어,The waste of money was severe.
인터넷 서비스 공급자,internet service provider
음식에 식초를 쳤어,I added vinegar to the food.
상담하는 역을 맡습니다,I take the role of counselor.
교통 카드를 충전합니다,I recharge the transit card.
두 팔을 힘차게 내저어,I swing both arms vigorously.
난데없는 아우성 소리,a sudden outcry
아기자기했던 학창 시절,those quaint school days
장거리를 운행하는 화물차,a long-haul freight truck
요번에는 네 차례였습니다,This time it was your turn.
벌에 쐬어 손이 퉁퉁 부어요,My hand swells up from a bee sting.
그의 주관은 뚜렷했습니다,His convictions were clear.
붉은빛이 도는 사과,an apple with a reddish tinge
밥알이 동동 떠요.,Rice grains float on the surface.
깊은 강물에 무모하게 뛰어들어요.,They recklessly jump into the deep river.
합의의 결과가 보입니다.,The result of the agreement is visible.
계급장을 군복에 부착해.,Attach the rank insignia to the uniform.
기꺼이 함께 가 주었습니다.,I gladly went along with them.
목동이 소를 몰고 왔어요.,The shepherd drove the cattle back.
가뭄 피해 지역의 복구,restoration of drought-stricken areas
아기에게 모유를 먹여.,Feed the baby breast milk.
이런 병에는 어떤 약도 소용없어요.,No medicine works for this kind of illness.
일이 없어 한가해요.,I'm idle because there's no work.
식구들이 방을 따로따로 썼어.,The family members used separate rooms.
대학 병원 의료진,the medical staff of a university hospital
그와 대적할 사람이 없었어요.,There was no one to confront him.
말발굽에 징을 박았어.,We nailed studs into the horse's hooves.
초보자치고는 괜찮은 솜씬데?,That's pretty good for a beginner isn't it?
입에 재갈을 물렸어요.,I put a bit in its mouth.
고양이 발톱에 할퀴였어.,I got scratched by a cat's claws.
아무튼 불행 중 다행이었어요.,Anyway it was a blessing in disguise.
외모가 번듯한 기와집들,fine-looking tile-roofed houses
독서 열풍이 일어요.,A reading boom is sweeping through.
묻는 말에 순순히 대답했습니다.,I answered the questions readily.
지구촌 구석구석을 돌아다녔어요.,I traveled all around the world.
식칼로 감자를 썰었어요.,I sliced potatoes with a kitchen knife.
생존 경쟁에서 살아남아.,Survive in the struggle for survival.
술잔에 술을 가득 따라 마셔요.,I pour a full glass and drink it.
이뤄질 수 없는 꿈,an unattainable dream
기차가 연착할 듯합니다.,It looks like the train will be delayed.
오래된 방에 곰팡이가 피어.,Mold grows in the old room.
그는 해외로 도피 여행을 떠났어.,He left overseas to flee.
그는 일을 합리적으로 진행했어요.,He handled the work rationally.
얼굴이 야하게 생겨.,Their face looks suggestive.
방문을 닫고 나와라,Close the door and come out.
유감의 뜻을 표합니다.,I express my regret.
바삐 일손을 놀려.,Keep your hands busy at work.
닥치는 대로 먹었어요.,I ate whatever was in front of me.
그는 지금 교도소에 수감 중이었어.,He was incarcerated in prison at the time.
그는 여전히 성실해요.,He is still diligent.
인공 지능 기술의 활용 사례,use cases of artificial intelligence technology
친구를 적으로 알아.,Mistake a friend for an enemy.
텁텁한 막걸리 맛,the thick rough taste of makgeolli
제방 공사를 완성했어요.,They completed the embankment construction.
일신의 안락을 꾀했어.,He sought his own comfort.
장시간에 걸쳐 토의했습니다.,We discussed it for a long time.
못살게 굴지 마라,Don't be so mean.
진흙 팩을 얼굴에 발랐어.,I applied a mud pack to my face.
일동 차렷. 국기에 대하여 경례!,Attention everyone. Salute the flag!
밉지도 곱지도 않은 얼굴,a face that's neither likable nor hateful
나쁜 습관을 고쳤어요.,I fixed my bad habits.
은행 접수 마감 시간이 다 돼.,The bank application deadline is here.
시내버스 노선의 조정,adjustment of city bus routes
거실에 소파를 놓습니다.,I place a sofa in the living room.
그는 정중히 자기소개를 했습니다.,He politely introduced himself.
서방의 자유 진영,the Western free bloc
공사가 완만하게 진행돼.,The construction proceeds smoothly.
차량 통행을 제한해요.,We restrict vehicle traffic.
비는 사흘 동안 계속됐어요.,The rain continued for three days.
양심의 가책을 받습니다.,I feel pangs of conscience.
어마어마하게 큰 집,an enormous house
법원에 선처를 애원합니다.,I plead for leniency from the court.
손잡이가 달린 컵,a cup with a handle
쌀이 똑 떨어졌어.,We ran out of rice completely.
며칠째 설사가 멈추지 않습니다.,The diarrhea hasn't stopped for days.
다음 단계에 배울 내용은 뭐지?,What will we learn in the next stage?
남의 일에 참견해요.,I meddle in other people's affairs.
그는 도덕에 어긋난 행동을 했습니다.,He committed immoral behavior.
그 집은 형제간에 화합이 잘됐습니다.,In that family the siblings got along well.
축하 파티를 열었어요.,We held a celebration party.
손님을 따 버렸어요.,I turned the customer away.
벌써 10년의 세월이 흘러.,Ten years have already passed.
아 추워. 담요 좀 가져다줘,Ah it's cold. Bring me a blanket.
남에게 밥을 구걸해요.,I beg others for food.
이 모임의 사회를 소개했습니다.,I introduced the MC of this gathering.
이 그림은 아주 우습습니다.,This picture is very funny.
이 고무줄은 신축이 잘돼.,This rubber band stretches well.
나는 요즘 시간이 남아돌아.,I have lots of free time these days.
연료의 배송을 마쳐요.,We finish the fuel delivery.
점심으로 초밥을 먹었습니다.,I ate sushi for lunch.
너 누구한테 반말이야?,Who are you talking to so casually?
수습 딱지를 뗐어요.,I removed the trainee sticker.
신문사에 기자로 취직합니다.,I get a job as a reporter at a newspaper.
한 걸음 성큼 나섰어.,I stepped forward with a big stride.
학자금을 대 줘.,Cover the tuition.
외국에 신사를 파견했어.,We dispatched a gentleman abroad.
회장 후보로 지목된 사람,the person nominated as a chairman candidate
게으른 사람이 성공하는 것 봤어?,Have you seen a lazy person succeed?
우리 집 참외 맛이 꿀맛이었습니다.,The taste of our melons was like honey.
연인 관계를 끝장내.,Put an end to the relationship.
하늘에서 재앙을 내렸어요.,Heaven sent down a disaster.
산사태 우려 지역,a landslide-prone area
꽃병에 꽂혀 있는 붉은 장미,a red rose in a vase
무면허로 운전을 해요.,I drive without a license.
남북 관계의 먹구름,dark clouds over inter-Korean relations
비상사태에 대한 대비,preparations for an emergency
왕릉을 파헤쳐 유물을 도굴해.,Loot relics by digging up the royal tomb.
전몰 군경 유가족,families of soldiers and police killed in action
폐식용유를 재생한 무공해 비누,non-polluting soap made from recycled waste cooking oil
그것과 이것은 별개 문제예요.,That and this are separate issues.
어머 눈이 오네,Oh my it's snowing.
사실 관계 확인을 요청합니다.,I request verification of the facts.
눈앞이 빙빙 돌아요.,Everything spins before my eyes.
물가 오름세가 계속되고 있었습니다.,The rise in prices was continuing.
창사 50주년 기념일,the 50th anniversary of the company's founding
신전에 재산을 정리했어.,I sorted out the property at the temple.
공항에 마중 나가.,I go to the airport to pick someone up.
창가에 커튼이 드리워요.,Curtains drape by the window.
왕의 적자에게 왕권을 물려줘.,I pass the royal authority to the king's legitimate son.
하늘에 별이 무수히 반짝였어.,Countless stars twinkled in the sky.
화초를 안으로 들여와라,Bring the plants inside.
자꾸 흘러내리는 안경,glasses that keep sliding down
침낭을 말아 배낭에 맸어.,I rolled up the sleeping bag and strapped it to the backpack.
곡식이 알차게 여물어요.,The grains ripen fully.
고물 차라 고장이 잦아.,Since it's an old car it breaks down often.
안도의 한숨을 쉬어요.,I breathe a sigh of relief.
두 선수가 맞붙었어.,The two players faced off.
칼바람이 사정없이 몰아쳐요.,The biting wind blows mercilessly.
극히 우수한 학생,an exceptionally outstanding student
왕골로 엮인 돗자리,a mat woven from rush
동시에 일어난 사건,an incident that occurred simultaneously
친구를 집에 불러들여.,I call my friend into the house.
원전에 충실한 번역,a translation faithful to the original
상사에게 사직서를 제출해요.,I submit my resignation to my boss.
고운 목소리를 타고났어요.,I was born with a beautiful voice.
정치 개혁에 부합하는 인물,a figure suited to political reform
성의 노골적 묘사,an explicit depiction of sex
죽을 고비를 겪었어.,I went through a near-death ordeal.
옷이 철조망에 걸려 찢겨요.,My clothes get caught on the barbed wire and tear.
구슬에 파란 빛깔이 감돌았어.,A blue hue shimmered around the beads.
개시니까 싸게 드렸어.,Since it was the opening I gave it to you cheaply.
그 어른의 영식은 건강하신가?,Is that gentleman's son Young-sik in good health?
적군이 우리 부대에 쳐들어왔어요.,Enemy troops attacked our unit.
하찮은 일에 마음을 썼어요.,I worried about trivial matters.
해당 업무를 주관하는 관청,the government office in charge of that task
연소자 입장 불가 영화,a movie off-limits to minors
세련되고 품위 있는 가구,refined and elegant furniture
지정 좌석에 앉으시오,Please sit in your assigned seat.
그의 증언은 모두 거짓이었어.,His testimony was all lies.
문학에 유의한 사람,a person significant to literature
문밖으로 얼굴을 내밀었어요.,I stuck my face out the door.
팔다리 노릇을 했어.,I acted as a lackey.
제자들이 스승에게 존경을 표해.,The disciples show respect to their teacher.
생산 활동의 위축,a contraction of production activity
서류를 세 부 복사해.,I make three copies of the documents.
제국주의의 억압과 수탈,the oppression and exploitation of imperialism
그는 기뻐하는 기색이 확연해요.,He clearly looks pleased.
과학 기술의 진보,the progress of science and technology
칫솔에 치약을 묻혀 이를 닦아요.,I put toothpaste on the toothbrush and brush my teeth.
당사자들에게 화해를 권설합니다.,I recommend reconciliation to the parties involved.
적진을 향해 진격을 개시했어.,I launched an advance toward the enemy camp.
에너지 효율성이 높은 자동차,a car with high energy efficiency
성대한 만찬을 베풀었어.,I hosted a grand banquet.
그때그때 최선을 다해요.,I do my best each time.
돼지가 도살장으로 끌려가.,The pig is dragged to the slaughterhouse.
정돈이 아직 덜 끝나요.,The tidying isn't finished yet.
남의 물건을 탐내지 마라,Don't covet other people's things.
신랑 신부의 행복을 위하여 건배!,A toast to the happiness of the bride and groom!
마을 한복판에 우물이 있었어.,There was a well in the middle of the village.
주택 전파 지원금,a support grant for totally destroyed homes
변호사에게 변호를 의뢰했어.,I asked a lawyer to represent me.
복숭아로 잼을 만들어.,I make jam from peaches.
인공 감미료 첨가,with artificial sweetener added
너 오늘따라 웬 유난이니?,Why are you being so fussy today?
묻는 말에 솔직히 대답해라,Answer the question honestly.
병으로 간이 부었어.,My liver swelled due to illness.
목에 목도리를 합니다.,I wear a scarf around my neck.
재건축 승인을 받아요.,I receive approval for reconstruction.
집게로 빨래를 집어요.,I clip the laundry with clothespins.
아이를 데리러 가.,I go to pick up the child.
권력의 시녀 노릇을 해.,I play the role of a servant to power.
빨랫감을 세탁기에 넣고 돌려.,I put the laundry in the washer and run it.
은메달을 목에 걸었어.,I hung the silver medal around my neck.
사고를 사전에 예방해.,I prevent accidents in advance.
그는 한 달 만에 회견에 응했어.,He agreed to an interview after a month.
군인이 대거 투입된 작전,an operation with massive troop deployment
늙은 신랑 어린 신부,an old groom a young bride
책상에 먼지가 쌓여요.,Dust accumulates on the desk.
거울에 얼굴을 비췄어.,I reflected my face in the mirror.
머리끝을 가지런하게 잘라.,I trim the ends of my hair neatly.
성장 일로에 있는 회사,a company on the path of growth
프로 야구 정규 시즌,the regular season of professional baseball
미심쩍은 낌새가 보입니다.,There are suspicious signs.
호수의 둘레를 쟀어요.,I measured the circumference of the lake.
피나는 수련을 거쳐 득음을 했어요.,After grueling training I attained vocal mastery.
죄 없는 백성을 죽입니다.,I kill innocent people.
수익성이 높은 저축 상품,a high-yield savings product
신이 나서 콧노래가 절로 나왔어요.,I was excited and a hum came out naturally.
코앞에 총을 들이댔어.,I shoved a gun right up close.
나는 아무거나 먹어도 돼,I can eat anything.
나무에 수액이 올랐어.,Sap rose in the tree.
시속 70km의 속력,a speed of 70 km/h
같은 범주에 속해요.,It belongs to the same category.
인간 본연의 모습,the inherent nature of human beings
시험 답안지를 검토했어요.,I reviewed the exam answer sheets.
나는 동생과 사이좋아.,I get along well with my younger sibling.
회장을 만장일치로 선출했어.,We elected the chairperson unanimously.
사회에서 신분적인 불리를 겪었어요.,I suffered status-related disadvantages in society.
풀잎에 이슬이 맺혀요.,Dew forms on the grass.
배추를 소금으로 절였어요.,I salted the cabbage.
간호사가 주사를 놓았어.,The nurse gave an injection.
매달 첫 일요일에 쉬었어요.,I took the first Sunday of every month off.
혼자서 머 먹니?,What are you eating by yourself?
전염병의 확산을 막습니다.,I prevent the spread of infectious diseases.
건물 전형을 찍습니다.,I take a full-view photo of the building.
피고 측 증인을 소환했어.,I summoned a defense witness.
무릎 꿇고 기도합니다.,I pray on my knees.
집에 누구누구 있지?,Who all is at home?
오늘 국회의 본회의가 열렸어요.,The National Assembly plenary session opened today.
학벌을 중시하는 사회적 분위기,a social atmosphere that values academic pedigree
어깨가 왼쪽으로 치우쳤어.,My shoulders tilted to the left.
계약 보증금 청구,a claim for the contract deposit
수억 달러에 이르는 공사비,construction costs amounting to hundreds of millions of dollars
그는 지난 학기의 평점이 낮아요.,His GPA last semester is low.
사찰 건립에 착수했어요.,I started the construction of a temple.
오래전의 일을 기억했어.,I remembered something from long ago.
명나라에 사신으로 갔어.,I went to the Ming dynasty as an envoy.
신정 국사 교과서,a newly revised Korean history textbook
신입 회원을 영입합니다.,I recruit new members.
의문점을 확실하게 밝혔어.,I clarified the questionable points clearly.
추후 자세히 알려 드려요,I will let you know in detail later.
술을 마셔 젖혔어요,I downed the drink.
약수를 뜨러 갔어요,I went to draw mineral water.
수술 도구를 소독합니다,Surgical instruments are sterilized.
전차의 은은한 향기,the subtle aroma of green tea
완주에 소요되는 시간,the time required to complete the course
종족이 한마을에 모여 살았습니다,The tribe lived together in one village.
용돈을 아껴 써라,Use your allowance sparingly.
아름답고 신비로운 이야기,a beautiful and mysterious story
목표 달성을 위해 노력했습니다,I worked to achieve the goal.
두 끝을 맞걸어 맸어요,I tied the two ends together.
청소년들에게 민족의식을 일깨웠어,I awakened a sense of national identity among teenagers.
진상은 소문과 별반 다르지 않았어,The truth was not much different from the rumors.
얼마간 시간의 여유를 주시오,Please give me some time.
누나는 나보다 세 살이 많습니다,My older sister is three years older than me.
손수건을 고이 접어,I fold the handkerchief neatly.
액자를 쪼끔 올려서 걸어라,Hang the frame a little higher.
강물을 가로막아 댐을 만들었어,I blocked the river and built a dam.
장관 명의의 확인서,a certificate in the minister's name
불똥이 사방으로 튀어요,Sparks fly in all directions.
베개를 고쳐 베었어,I adjusted the pillow and laid my head on it.
중세 사회의 해체,the disintegration of medieval society
백두산의 정기를 받았어,I received the spirit of Mount Baekdu.
칼날이 몸에 스쳐,The blade brushes my body.
화재를 미연에 방지해,I prevent fires in advance.
깃발이 천천히 내려졌어,The flag was lowered slowly.
집안일에 무관심한 남편,a husband indifferent to housework
신인 탤런트 선발 대회,a new talent selection contest
예금 잔고를 확인해,I check the account balance.
그는 잠자코 있었습니다,He kept silent.
짝퉁 명품 가방을 샀어,I bought a counterfeit designer bag.
몸의 불편을 무릅쓰고 일을 했어,I worked despite physical discomfort.
머리를 숙여 인사합니다,I bow my head and greet.
국민들에게 대안을 제시했습니다,Alternatives were presented to the people.
무덤 속으로 들어갔어,I went into the grave.
물건을 포장지로 쌌어,I wrapped the item in wrapping paper.
니체는 신이 죽었다고 외쳤어요,Nietzsche shouted that God is dead.
그는 일만큼은 빈틈이 없습니다,He is flawless when it comes to work.
좋은 직장을 붙잡았어,I held on to a good job.
음악회 입장권을 샀어,I bought a concert ticket.
이리저리 핑계를 댔어,I made excuses here and there.
문제를 꼼꼼 생각합니다,I think through the problem carefully.
가시에 찔린 손가락이 따가웠어,The finger pricked by a thorn stung.
담 위로 뛰어올라,I jump up over the wall.
근대와 전근대의 공존,the coexistence of the modern and the premodern
건국의 기초를 튼튼히 다졌어,I firmly laid the foundation of the nation.
세금 면제 대상자를 규정해요,I define those eligible for tax exemption.
상점에 손님이 많아요,There are many customers in the shop.
완두콩을 껍질째 삶았어,I boiled the peas in their pods.
파리가 쉬를 슬습니다,A fly excretes.
이 모임은 위법의 소지가 있습니다,This gathering has the potential to be unlawful.
뚱뚱하게 부어오른 다리,legs swollen and puffy
그는 직장에서 해고되었습니다,He was fired from his job.
이웃 나라와 통상을 시작했습니다,We began trade with a neighboring country.
자동차 산업의 본산,the cradle of the automobile industry
때가 껴 지저분한 옷,clothes filthy with grime
고추냉이를 푼 간장,soy sauce mixed with wasabi
형이 동생에게서 장난감을 뺏어,The older brother snatches a toy from the younger sibling.
폭동이 전국을 휩쓸었어요,The riot swept the entire country.
원혼들의 넋을 건져 줘,I save the souls of the restless dead.
그가 몸담았던 언론계,the media world he belonged to
아이에게 모자를 씌웠어요,I put a hat on the child.
아으 머리가 아파 못 견디겠어,Ah my head hurts so much I cannot stand it.
해물로 요리를 만들었어요,I made a dish with seafood.
부임 절차를 밟아,I go through the appointment procedures.
반달같이 예쁜 송편,pretty songpyeon like a half-moon
경제 성장의 원동력,the driving force of economic growth
사태가 위급에 처해 있습니다,The situation is in a critical state.
예술과 기술의 융합,the convergence of art and technology
고소한 참기름 냄새,the nutty smell of sesame oil
왕이 부지런한 신하를 칭예해,The king commends the diligent subject.
은행에서 대출을 받아요,I get a loan from the bank.
아이에게 껌을 씹혀,I have the child chew gum.
서른 살 남짓 되어 보이는 남자,a man who looks about thirty
헛된 야망을 품어,I harbor vain ambitions.
법안이 의회를 통과했어요,The bill passed the assembly.
아기에게 젖을 먹입니다,I feed the baby milk.
한곳에 오래 머물렀어요,I stayed in one place for a long time.
백설 공주와 일곱 난쟁이,Snow White and the Seven Dwarfs
수돗물 공급을 중단했어요,We stopped the tap water supply.
엉킨 실타래를 풀었습니다,I untangled the tangled ball of thread.
술은 일만 악의 장본이야,Alcohol is the source of countless evils.
이것저것 입어 봐,Try on this and that.
오랜만에 벗을 찾아,I look up a friend after a long time.
난선이 표류해 있었어,The distressed ship was adrift.
기적을 행하는 초능력자,a miracle-working psychic
잘못된 점이 지적됐어,The mistakes were pointed out.
소유와 경영의 분리,the separation of ownership and management
녹두를 물에 불려,I soak the mung beans in water.
공연 티켓의 재판매를 금지했습니다,The resale of concert tickets was banned.
더없이 좋은 사람,a person who couldn't be better
수취인 불명의 우편물,mail with an unknown recipient
막 신는 데는 이 신발이 편합니다,These shoes are comfortable for everyday wear.
위법한 것으로 확인돼,It is confirmed to be illegal.
노사가 단체 협약을 체결했습니다,Labor and management concluded a collective agreement.
용이 불을 뿜습니다,The dragon breathes fire.
남의 물건을 욕심냈어요,I coveted someone else's belongings
이것을 반금으로 팔겠다고 했습니다,I was going to sell this for half price
싸움에서 적에게 승리했어요,We won against the enemy in the fight
시험 문제가 어렵습니다,The exam questions are difficult
옛 추억을 살렸어,I revived old memories
경영진 퇴진 운동을 전개했어,We launched a campaign for management's resignation
엉 넌 누구냐?,Huh who are you?
생선 비린내가 심해요,The fishy smell is strong
고아를 보육원에 수용했어,We took in the orphan at an orphanage
다 너를 위해 하는 말이었습니다,It was all said for you
단풍 구경을 갔어요,I went to see the autumn foliage
대문에 빗장을 가로질렀어요,I put the bar across the front gate
엉덩이를 뭉개며 옮겨 앉아,I scoot over and sit squashing my butt
성질 사나운 사람,a bad-tempered person
머리를 바짝 깎았어,I shaved my head very close
남의 의혹을 샀어,I aroused others' suspicions
공화국의 창출 과정,the process of founding the republic
이웃 마을에 사는 친구,a friend who lives in the neighboring village
동물에게 먹이를 줬어요,I fed the animals
욕조에 물을 받았어,I filled the bathtub with water
고립 상태에 빠졌어요,I fell into isolation
죽음을 각오하고 싸웠어요,I fought prepared to die
끝없이 펼쳐진 초원,an endless grassland
건강이 더욱더 나빠졌어요,My health got even worse
고인의 높은 뜻을 더럽히지 말자,Let's not tarnish the noble will of the deceased.
노여움으로 낯빛이 하얘졌어요,My face turned pale with anger
올해에는 짧은 머리가 유행입니다,Short hair is in fashion this year
강가를 거니는 연인,lovers strolling by the river
옷을 거꾸로 입었어,I wore my clothes inside out
울퉁불퉁 파인 비포장도로,a bumpy rutted unpaved road
이리저리 거리에 뒹구는 낙엽,fallen leaves rolling around the streets
암실에서 화면을 잘라요,I cut the image in the darkroom
관리들의 비위 탄핵,impeachment of officials for corruption
손자가 할아버지 등에 올라타요,The grandson climbs onto his grandfather's back
어린아이들을 내팽개치고 달아나요,I abandon the children and run away
단풍의 아름다움에 반했어,I fell for the beauty of the autumn leaves
위기를 피할 길을 도모해,I devise a way to avoid the crisis
하늘에 동생의 완쾌를 기구했어요,I prayed to heaven for my younger sibling's recovery
비에 젖어 으스스 한기를 느꼈어요,I got soaked in the rain and felt a chill
혼자서 고되게 일했습니다,I worked hard alone
저분이 부장님 부인이셨어요,That person was the department head's wife
수천 액수의 사람이 모여 있어,Thousands of people are gathered
탁월한 임상 효과,excellent clinical efficacy
숙취로 두통이 심합니다,I have a severe headache from a hangover
시간과 공간을 초월합니다,It transcends time and space
현실에 대응하는 태도,an attitude that addresses reality
축구 경기가 전국으로 방송되었습니다,The soccer match was broadcast nationwide
강당에 모여 합창 연습을 했습니다,We gathered in the auditorium and practiced the chorus
새 회사의 명칭을 공모합니다,We are soliciting a name for the new company
선사 시대의 유적,prehistoric remains
서재에 틀어박혀 지냈어요,I stayed shut up in the study
아파트 당첨자를 발표했어,I announced the apartment winners
이 유적은 보존 상태가 양호합니다,This relic is well preserved
화장실 벽에 있는 낙서들,graffiti on a bathroom wall
고대 국가의 형성,the formation of ancient states
사리가 어른처럼 밝았어요,Sari was as bright as an adult
국민의 기본적 의무,the basic duties of citizens
매번을 퇴짜 맞았어,I got turned down every time
하! 참 세상에 기가 막혀서,Ha! This world is unbelievable.
어느 것이 맞는 답입니까?,Which is the correct answer?
이 지역은 통신 상태가 불량해,This area has poor communication reception
마찰에 의해 열이 생겨요,Heat is generated by friction
반쯤 허물어진 건물,a half-collapsed building
덮개를 씌운 마차,a cart with a cover
물길이 바다와 수평을 이뤄요,The waterway runs level with the sea
객차를 열 량 단 기차,a train with ten passenger cars
과학의 발전에 기여해,I contribute to the development of science
잡초를 쑥쑥 뽑았습니다,I pulled out the weeds quickly
죄책감과 회한에 몸부림쳐,I writhe in guilt and remorse
언니는 야근을 하기로 마음먹었어요,My older sister decided to work overtime
산악회에 가입을 신청해,I apply to join the hiking club
자료 수집 대행 업무,data collection outsourcing work
큰 비전을 세웠어요,I established a grand vision
어린아이에게 너무 겁주지 마라,Don't scare the child too much.
어른한테 빤히 대들면 못 써요,You shouldn't stare and talk back to adults
애칭을 붙여 줘,I give a nickname
먹고 싶은 만큼 마음껏 먹어라,Eat as much as you want.
성질이 요러니 누가 좋아하겠어?,With a temper like this who would like you?
담배꽁초를 주워 피워,I pick up and smoke cigarette butts
아버지에 대한 반항,rebellion against one's father
약그릇을 양손으로 받쳐 들어,I hold the medicine bowl with both hands
고속 도로에 진입했습니다,I entered the highway
남의 장단에 놀아났어요,I got carried away by someone else's rhythm
대접을 엎으니 물이 쏟아졌어,When I knocked over the bowl the water spilled
계획이 중간에서 뒤틀려요,The plan gets twisted halfway through
유치장 신세를 져요,I end up in a detention cell
너를 정말 사랑해,I really love you.
두근대는 가슴으로 선을 봤어요,I went on a blind date with a pounding heart
행사 기금이 마련됐어,The event fund was secured
부패한 정권의 잔해,the remnants of a corrupt regime
미용 기술을 속성으로 배웠어요,I learned beauty skills in an intensive course
문설주에 몸을 기댔어요,I leaned my body against the doorjamb
마음을 짓누르는 걱정,a worry weighing on the heart
퇴직 이후의 삶을 준비해요,I prepare for life after retirement
간단한 다과를 마련해,I prepare a simple snack
인질범들로부터 아이를 구출했습니다,We rescued the child from the hostage takers
이력서에 정자로 기입해,I fill out the resume in neat handwriting
그는 차를 전속력으로 몰아요,He drives the car at full speed
총대로 땅을 텅텅 찍었어요,I thudded the ground with the gun butt
광대한 제국을 건설해요,I build a vast empire
달빛이 가득한 마당,a yard filled with moonlight
화물의 운송 경로,cargo transport route
나는 가난이 지긋지긋했어,I was sick and tired of poverty
용의자를 불구속으로 입건했습니다,We booked the suspect without detention
토지의 보상 평가,compensation assessment for land
인부들이 공사에 동원되었습니다,The workers were mobilized for the construction
하마터면 큰일 날 뻔합니다,It almost turned into a big problem
대륙 간에 행해지는 무역,intercontinental trade
행인에게서 돈을 빼앗아요,I take money from a passerby
비정상적 반복 행동,abnormal repetitive behavior
혈압이 낮은 사람,a person with low blood pressure
하락 장세가 계속되고 있었어요,The downtrend kept continuing
호박을 썰어 부쳐 먹었습니다,I sliced the squash and fried it
화분에 물을 줘요,I water the flowerpot
날마다 책을 읽어요,I read a book every day
기계로 칼을 갈았어요.,I sharpened the knife with a machine.
방 안이 훈훈했어.,The room was cozy and warm.
바닷가에서 주워 온 자갈,pebbles picked up from the beach
풍선을 팡팡 터뜨렸어요.,I popped the balloons with loud pops.
딱딱 잘라 말해.,I speak bluntly.
선명한 아침 햇살,bright morning sunlight
소금물을 머금은 모래,sand soaked with saltwater
밀가루 반죽을 주물렀어.,I kneaded the flour dough.
개막을 알리는 종소리,the bell announcing the opening
신분 보장의 불확실성,uncertainty about status security
정든 임을 보냈어.,I sent off my beloved.
극명한 시각 차이,a stark difference in viewpoints
솜사탕을 뜯어 먹어요.,I pull off and eat the cotton candy.
폭풍으로 배가 위험에 빠졌어.,The ship fell into danger because of the storm.
도배를 새로 합니다.,I re-paper the walls.
동무들과 공놀이를 했어.,I played ball with my friends.
의사를 집에 불러왔어요.,I called the doctor to the house.
방수와 방한이 잘되는 등산복,waterproof and cold-resistant hiking clothes
해진 양말을 꿰매요.,I mend the worn socks.
맨몸으로 물에 뛰어들었어.,I jumped into the water bare-bodied.
높은 벼슬과 후한 봉록,high office and generous stipend
징역 10년을 구형해.,They seek a 10-year prison sentence.
숟가락으로 밥을 떴어요.,I scooped the rice with a spoon.
소식을 애타게 기다려요.,I anxiously wait for the news.
순간 머리가 핑 돌 것만 같습니다.,At that moment it feels like my head might spin.
친구와 실력을 다퉈.,I compete in skill with a friend.
뒷골목을 주름잡던 사나이,a man who ruled the back alleys
바다에서 고기를 잡았어.,I caught fish in the sea.
부가세 포함 가격,price including VAT
밤비에 흠씬 젖습니다.,I get soaked by the night rain.
경청한 가을 하늘,clear autumn sky
무책임한 언행을 일삼았습니다.,I engaged in irresponsible words and deeds.
용기와 고귀를 상징해요.,It symbolizes courage and nobility.
부디 건강하길 바랐어.,I sincerely hoped you would be healthy.
그에게서 도망할 틈을 엿봤어요.,I looked for a chance to run away from him.
일상사의 자잘한 이야기,trivial stories of everyday life
난 중국 음식은 느끼해서 싫었어.,I didn't like Chinese food because it was too greasy.
이길 확률이 희박해요.,The chance of winning is slim.
아니 벌써 도착했니?,What you've arrived already?
가문을 빛낸 조상,an ancestor who honored the family
위험하기 짝이 없었어.,It was extremely dangerous.
살림을 깐깐하게 합니다.,I run the household very strictly.
실명이란 장애를 극복해.,I overcome the disability of blindness.
교육 민주화 선언,declaration of educational democratization
날씨가 좀 춥니?,Is the weather a bit cold?
폐수 처리 시설을 설치했어요.,I installed wastewater treatment facilities.
피고인이 변호인을 선임합니다.,The defendant retains a lawyer.
아이들의 행렬이 끝없이 이어져.,The children's procession goes on endlessly.
토지를 부동산 회사에 매각합니다.,I sell the land to a real estate company.
바람결에 넥타이가 탈락 움직여.,The necktie flutters in the breeze.
다른 단체와의 연계를 모색했습니다.,I sought linkage with other organizations.
동사무소 앞 게시판,notice board in front of the community office
회의의 소집 날짜를 정했어요.,I set the date for convening the meeting.
모두 퇴근한 썰렁한 사무실,a deserted office after everyone has left work
몸에 물을 끼얹어.,I pour water over my body.
애착이 가는 물건,an object one is attached to
허망을 안겨 줬어.,I left them feeling empty.
국가 발전의 요체,the essence of national development
학생에게 엄한 선생님,a strict teacher toward students
해안에 배를 정박해요.,I moor the ship at the shore.
달러를 한화로 환산했어요.,I converted dollars to Korean won.
추워서 몸을 달달 떨어요.,I shiver because it's cold.
아무 날 아무 시,any day any time
별이 무수히 반짝이는 밤하늘,a night sky with countless twinkling stars
숨기에 적당한 곳,a place suitable for hiding
그는 인간이 틀렸어,He's just a bad person
놓치기가 아까운 인재,a talent too good to miss
계집아이가 얌전치 못했어.,The girl was not well-behaved.
일이 예정대로 진행돼요.,Things proceed as scheduled.
한층 목소리를 낮췄어요.,I lowered my voice even more.
댁내 두루 평안하시길 바랐어요.,I hoped your household would be at peace.
불의의 참사를 당합니다.,I suffer an unexpected tragedy.
그들과 두고두고 원수가 되었습니다.,I became enemies with them for a long time.
상대편의 공격을 제어합니다.,I control the opponent's attack.
경덕은 입술을 악물어 맹세해.,Gyeongdeok clenches his lips and swears an oath.
세월이 화살 같았습니다.,Time was like an arrow.
나는 과학을 좋아해요.,I like science.
귀한 걸음을 해요.,I make a gracious visit.
솜을 도톰하게 두어 만든 이불,a quilt made with thick cotton
소방 시설을 갖췄어.,I equipped the firefighting facilities.
우리 집안은 아들이 귀했어.,Sons were rare in our family.
세상의 영화가 부질없게 느껴졌어요.,Worldly glory felt futile.
배가 물 밑으로 가라앉았어요.,The boat sank below the water.
칠천만 국내외 동포,seventy million compatriots at home and abroad
이곳에서부터 마을이 시작돼.,The village starts from here.
온갖 재물을 모았어요.,I gathered all kinds of wealth.
무슨 연유로 이제야 도착했지?,For what reason did you arrive only now?
그 사람이라고 별수 있겠어?,It's not like that person has any special way right?
너희의 꿈을 이루어라,achieve your dreams
화덕 위에 얹힌 냄비,a pot set on top of the furnace
선거철 철새 공방,election-season mudslinging by political opportunists
그들의 우정은 각별났어.,Their friendship was special.
독특한 채색 기법,a unique coloring technique
과학 문명의 급격한 발달,rapid development of scientific civilization
고려자기의 독특한 미,the unique beauty of Goryeo celadon
그에게는 장자의 풍모가 있어요.,He has the air of the eldest son.
십자로 줄을 긋습니다.,I draw lines in a cross.
돋보이는 노래 솜씨,outstanding singing ability
말고삐를 조여 잡았어.,I tightened and held the reins.
어머니는 놀란 기색이 역력합니다.,Mother's startled expression is obvious.
술에 얼큰하게 취해요.,I get tipsy on alcohol.
법령의 유효 기간,validity period of the law
이 바보 먹통아!,You idiot you blockhead!
찌개가 닳아서 짰어.,The stew was salty because it had boiled down.
사례를 톡톡히 했어.,I gave a proper reward.
발색이 자연스러운 제품,a product with natural color
숲속에 은폐한 적군,enemy troops concealed in the forest
아무것도 모르면 가만있어,If you don't know anything stay quiet
네모가 뚜렷한 바위,a rock with clearly defined corners
차가 연달아 와.,Cars keep coming one after another.
소박하면서도 강인한 조선 여인,a modest yet strong Joseon woman
나 혼자라는 생각,the thought that I'm alone
해가 질 임시에 돌아와.,I come back around the time the sun sets.
중대한 국면에 봉착해요.,We face a critical juncture.
안팎이 다른 사람,a two-faced person
길을 잃고 울먹이는 아이,a child who is lost and tearful
수차에 걸쳐 요청했어.,I requested it several times.
사회의 구조적 모순,structural contradictions in society
법정에서 증언을 거부했어.,I refused to testify in court.
나는 평범한 서민이었어.,I was an ordinary citizen.
각종 매체를 동원해요.,I mobilize various media outlets.
나더러 어쩌란 말이냐?,What do you want me to do?
이젠 돌아가라니까 그러네,I told you to go back now but you keep doing that
인기 절정에 올라요,It's at the height of popularity
경쾌한 느낌을 주는 음악,music that gives a light lively feeling
처마 끝에서 제비가 지저귀었습니다,Swallows chirped at the eaves
합격 통보를 받았어,I got the acceptance notice
전장에서 최후를 맞이해요,They meet their end on the battlefield
먹구름이 이쪽으로 몰려와,Dark clouds are moving this way
답안지에 답을 적습니다,We write the answers on the answer sheet
사돈어른께 인사를 여쭸어,I paid my respects to the in-law elder
사장에게 대안을 제안합니다,We propose an alternative to the boss
새해 복 많이 받으세요,Happy New Year
부모의 뜻을 어겼어요,I went against my parents' wishes
이제 그만 가자,Let's go now
접수된 축의금이 생각보다 적었어,The collected congratulatory money was less than expected
돌연히 기차가 멈춰 서,The train suddenly comes to a halt
심란한 얼굴을 했습니다,I had a troubled look
소리를 버럭 질렀어,I shouted sharply
쿵쿵 울리는 심장,a heart thumping loudly
조카는 초등학교에 재학 중이었습니다,My nephew was enrolled in elementary school
어머머 기가 막혀!,Oh my this is unbelievable!
평균적 발달 속도,average rate of development
채용 인원과 방법,the number of people to be hired and the method
난간에 걸터앉으면 위험했어,It was dangerous to sit on the railing
사랑에 목말라 있어요,I'm thirsty for love
한 평 넓이의 땅,a plot of land one pyeong in size
달콤한 잠에 빠졌어,I fell into a sweet sleep
지배 세력에 대항해요,They resist the ruling power
정신적 쾌락을 추구했어,I pursued mental pleasure
안개에 휩싸인 마을,a village shrouded in fog
런던 주재 특파원,a correspondent stationed in London
시멘트의 함량이 부족했어요,The cement content was insufficient
구름이 유연한 하늘,a sky with soft flowing clouds
자료를 컴퓨터에 입력했습니다,We entered the data into the computer
사업의 규모가 엄청나요,The scale of the business is enormous
시꺼멓게 탄 숯검정,pitch-black charred charcoal
계약금을 치르고 계문을 작성했어요,I paid the deposit and drafted the contract document
기름값이 갑자기 솟았어,Gas prices suddenly shot up
털썩 무릎을 꿇었어,I dropped to my knees with a thud
영화 제작에 몰두했어요,I was absorbed in film production
민족 역량의 과시,a display of national capability
풀잎을 스치는 바람이 속삭입니다,The wind brushing the grass whispers
제도의 일부만 개선했습니다,We improved only part of the system
배가 고파서 우는 아기,a baby crying from hunger
적의 선동에 동조했어,I sided with the enemy's incitement
하늘에 구름이 떠돌아요,Clouds drift in the sky
취업하기가 전보다 힘들어졌습니다,Getting a job has become harder than before
파랗게 돋아나는 새싹,green sprouts pushing up
내각 책임제를 채택했어,They adopted the cabinet responsibility system
족제비 털로 붓을 만들고 있어,I'm making a brush from weasel fur
그는 계명에 새벽잠을 깼어요,He woke from his early-morning sleep at the rooster's crow
피해 정도가 극심했어,The extent of the damage was severe
음식을 뒤죽박죽을 만들어 놓았어,I left the food all mixed up
전혀 생소한 모습,a completely unfamiliar appearance
그 여자는 소리를 빽 내질렀어,That woman let out a shrill scream
내 말을 마저 들어라,hear the rest of what I'm saying
조선의 관직 체계,the official rank system of Joseon
방송국에서 촬영을 나왔어요,They came out to film at the station
격려를 아끼지 않았습니다,We did not spare encouragement
싱싱하게 팔딱이는 생선,a fish flapping fresh and lively
가려운 데를 긁었습니다,I scratched the itchy spot
두 줄을 비꼬아서 맴을 돌렸어요,I twisted two lines and made a loop
계약 기간을 연장합니다,We extend the contract period
땅속에 사는 두더지,a mole that lives underground
막대한 유산을 받았어요,I received a huge inheritance
국경을 초월한 사랑,love that transcends borders
아이들이 과자를 냠냠 먹고 있어,The kids are munching on snacks
자연환경에 따른 문화의 차이,cultural differences shaped by the natural environment
관련 기관의 협조를 얻었어요,I obtained the cooperation of the relevant agencies
사업이 과연 성공할지 불확실해요,It's uncertain whether the business will succeed
미술 작품 전시회,an art exhibition
보리를 섬에 담고 있어,I'm putting barley into a sack
항상 의지가 되는 사람,a person who is always a support to rely on
대통령이 담화문을 발표했어,The president issued a statement
설득력을 지닌 협상안을 제시했습니다,We presented a persuasive negotiation proposal
놀고 싶을 때 실컷 놀아라,when you want to play play your fill
당사자가 처리할 문제,a matter for the party concerned to handle
대화가 오고 가,The conversation goes back and forth
공격과 방어를 번갈아 주고받았어요,We exchanged attacks and defenses alternately
원만한 부부 생활,a harmonious married life
이것이 정녕 꿈은 아니겠지요?,This isn't really a dream is it?
새 양복은 나에게 잘 어울렸어요,The new suit suited me well
구내식당의 단조로운 식단,the cafeteria's monotonous menu
원작에 충실한 번역,a translation faithful to the original
광산에서 석탄을 캐는 광부,a miner who mines coal at a mine
딱한 사정을 듣습니다,We hear a pitiful story
서울에 올라와 살았습니다,I came up to Seoul and lived there
싸움에서 시비를 가려내요,We sort out who is at fault in a fight
뒤집힌 거북이 발버둥을 쳤어,The overturned turtle struggled
