현세의 당면 과제,the pressing tasks of the present age
가짜 속눈썹을 붙여,I put on false eyelashes.
최상위 등급을 받아,I get the top grade.
잡지에 글이 실려,An article is published in a magazine.
총탄이 가슴을 관통했어,The bullet pierced the chest.
심판의 판정에 따라,I follow the referee's decision.
개회식 당일에는 복잡해,It's crowded on the opening day.
바다에서 수영을 즐겨요,I enjoy swimming in the sea.
새해 첫날이 밝았어요,The first day of the new year dawned.
밭에 비료를 뿌렸어요,I spread fertilizer on the field.
연합 팀을 구성했어요,I formed a joint team.
논에 물을 가득 실어요,I fill the rice paddies with water.
신발을 신발장에 넣어,I put the shoes in the shoe cabinet.
키 크다고 뽐내지 마라,Don't brag about being tall
성공적 임무 수행,successful mission completion
톡톡히 망신을 줘요,I really embarrass them.
인간의 잠재 가능성,human potential possibilities
자금 100년 전,funds from 100 years ago
보지 않아도 훤해,It's obvious even without seeing it.
뽀얗게 성에가 꼈어,Frost formed thickly.
기관의 감시를 받아요,I am under the agency's surveillance.
따끈하게 데운 국,soup warmed up piping hot
친구의 처지를 대언해,I speak on behalf of my friend's situation.
화려하고 고운 색깔,splendid and pretty colors
먼 길로 돌아왔어요,I came back by a long way.
머리에 댕기를 드려,I tie a hair ribbon on the head.
목표 설정이 잘못됐어요,The goal setting was wrong.
입안에 군침이 고여,My mouth waters.
높디높은 가을 하늘,the very high autumn sky
사회 정의가 구현됐어,Social justice was realized.
지휘 계통의 단일화,unification of the command chain
방이 곳곳에 나붙어요,Posters are plastered everywhere.
고전 소설의 대표작,a representative work of classic fiction
마당에 팬 구덩이,a pit dug in the yard
차를 천천히 몰아요,I drive the car slowly.
외국으로 이민 가,I move abroad.
달걀의 흰자와 노른자,the white and yolk of an egg
대학생 동아리 연합,a federation of university clubs
계절의 여왕 오월,May the queen of seasons
부동산 가격의 급락,a sharp drop in real estate prices
태양초로 빻은 고춧가루,chili powder ground from sun-dried peppers
정신을 바싹 차려요,I stay alert.
식구들이 모여 식사해,The family gathers to eat.
국이 식어 미지근했어,The soup cooled down and was lukewarm.
힘없고 가난한 자,the weak and the poor
한계 생산의 체감,diminishing marginal product
사건 해결의 주역들,the key figures in solving the case
살며시 눈을 감습니다,I gently close my eyes.
오늘이 무슨 요일이냐?,What day is it today?
관계 당국의 발표,an announcement by the relevant authorities
로마 제국의 멸망,the fall of the Roman Empire
그는 몸놀림이 재빠랐어,His movements were quick.
정성이 담긴 선물,a heartfelt gift
정계의 실력가를 만나,I meet a power figure in politics.
국회 소장파 의원,a reformist lawmaker in the National Assembly
방위 감각이 무뎠어요,My sense of direction was dull.
정부가 재정을 지원해,The government provides financial support.
조종 방법을 배워,I learn how to operate it.
일을 빨리 끝냈어,I finished the work quickly.
경악을 금치 못해,I can't hide my astonishment.
천지를 뒤흔드는 굉음,a thunderous roar that shakes heaven and earth
깃발이 바람에 날렸어요,The flag fluttered in the wind.
너그러운 물 흐름,a gentle flow of water
악랄한 수단을 썼어요,I used vicious means.
광역 단체장 선거,a metropolitan government head election
말에 박차를 가해,I spur the horse.
여러분! 이걸 보십시오,Everyone! Look at this
유행에 뒤진 옷차림,out-of-fashion attire
부적을 써 붙였어요,I wrote out and posted a talisman.
길섶에 핀 코스모스,cosmos flowers blooming by the roadside
상황이 절박하게 변해,The situation becomes dire.
밥풀로 편지를 봉했어,I sealed the letter with rice paste.
자동차 등록 사업소,vehicle registration office
신경통에 천식이 겹쳐요,Asthma overlaps with my neuralgia.
용도에 따라 구분해,I classify it according to use.
중동에서 말을 끊어,I cut off my speech in the Middle East.
살림 도구를 장만했어요,I prepared household tools.
짐을 꾸러미로 묶어요,I bundle the luggage.
다수 의석을 차지해요,We take the majority of the seats.
두 남녀의 애틋한 사랑,a tender love between a man and a woman
빛이 창에 반영됩니다,Light is reflected in the window.
술집에서 양주를 시켜,I order liquor at the bar.
눈이 비로 변해요,Snow turns into rain.
당파 싸움의 제물이 돼,I become a victim of factional strife.
일행의 뒤쪽에 섰어,I stood at the back of the group.
커다랗게 불거진 소문,a rumor that has ballooned
검찰에 고발을 당했어요,I was reported to the prosecution.
인쇄 기술의 발달,the development of printing technology
기소 여부를 결정했어,I decided whether to indict.
야유가 터져 나왔어요,Boos erupted.
경솔한 짓을 합니다,I do a reckless thing.
나는 전쟁을 혐오해요,I loathe war.
안개가 자옥한 숲속,a forest thick with fog
소설을 신문에 연재했어,I serialized the novel in the newspaper.
덜걱 문이 닫혀요,The door slams shut.
한순간에 물거품이 돼요,It turns into nothing in an instant.
얼굴에 미소를 떠올려,I bring a smile to my face.
흥분된 마음을 달랬어,I calmed my excited feelings.
증기 기관의 발명,the invention of the steam engine
안 벌고 안 써,I don't earn and I don't spend.
근린 관계를 유지합니다,We maintain neighborhood relations.
술 좀 작작 마셔라,Cut down on the drinking
깻잎을 간장에 쪘어요,I steamed perilla leaves in soy sauce.
국토 수호에 헌신해요,I devote myself to defending the country.
민간 항공기 피격 사건,the shooting down of a civilian aircraft
숨이 막 떨어져요,My breath is running out.
범인 취급을 당했습니다,I was treated like a criminal.
한숨을 팍팍 쉬었습니다,I let out heavy sighs.
사원증 목걸이 줄,an ID card lanyard
자정이 지난 시간,a time past midnight
파리 주재 특파원,a correspondent stationed in Paris
흡족한 미소를 띠었어,I wore a satisfied smile.
종이를 절반으로 접어요,I fold the paper in half.
시간을 지체하지 마라,Don't waste time
3학년 5반 교실,the classroom of Year 3 Class 5
시어머니와 며느리 사이,between a mother-in-law and daughter-in-law
옳고 그름을 판단했어요,I judged right and wrong.
언론과 출판의 자유,freedom of the press and publication
마음이 비단 같았어,My heart was like silk.
어린이는 나라의 보배,Children are the nation's treasure
드문드문 찾아드는 손님,occasional guests
돈만 있으면 제일이냐?,Is money all that matters?
연설문의 초안을 작성해,I draft the speech.
대문에 파랗게 색칠해,I paint the front gate blue.
아파트 청약 신청,apartment subscription application
할머니 품속에 안겼어요,I nestled into grandma's arms.
자극적인 가스 냄새,a pungent gas smell
동메달을 목에 걸어요,I hang a bronze medal around my neck.
회의의 의장을 선출했어,We elected the chair of the meeting.
고층의 대기 현상,a high-altitude atmospheric phenomenon
본부에 상황을 알렸어요,I informed headquarters of the situation.
젊은 시절의 방황,the wandering of one's youth
야성미가 풍기는 몸짓,gestures that exude wild charm
고뇌 속에서 보낸 세월,years spent in anguish
말과 행동의 배치,a discrepancy between words and actions
음산한 초겨울 날씨,gloomy early-winter weather
공부를 일과 병행했어요,I studied while working.
역모가 탄로 나,The treason plot is exposed.
진작 말할 것이지,You should have said so earlier
신용 카드 사용자,credit card user
고구마가 덜 익어요,The sweet potatoes are undercooked.
고장 난 차를 방치해요,I leave the broken car unattended.
까치가 깍깍 짖습니다,A magpie caws 'kak-kak.'
벽에 쾅 부딪쳐,I slam into the wall.
무전기 주파수를 맞춰,I tune the radio frequency.
물줄기를 따라 내려갔어,I went down along the stream.
밤새워 편지를 써,I write letters all night.
무역 협정이 발효됐어,The trade agreement took effect.
보석을 몸에 지녀요,I wear jewelry on me.
주머니가 툭 터져,The pocket bursts open.
반짝반짝 빛나는 눈,sparkling eyes
대학 입시 요강 확정,finalization of college admissions guidelines
제작진이 섭외한 장소,the location secured by the production crew
돈 만 냥을 꿨어요,I borrowed ten thousand nyang.
어둠이 깃든 방 안,a room shrouded in darkness
사건의 추이를 살펴,I watch the course of the case.
제자를 여럿 두었습니다,I had many disciples.
복잡하게 얽힌 이해관계,complicated intertwined interests
산에 나무가 울창해,The mountain is thick with trees.
선교사의 전교 활동,a missionary's evangelizing work
묵을 맛있게 무쳤구나,You seasoned the acorn jelly deliciously
이마에 땀이 맺혔어,Sweat formed on my forehead.
융숭한 대접을 받아요,I receive a lavish reception.
밤하늘의 별을 쳐다봤어,I looked up at the stars in the night sky.
새 벽지로 도배해,I re-paper the walls with new wallpaper.
시집의 소인을 썼어요,I wrote the short preface of the poetry collection.
지평 위로 해가 떠올라,The sun rises over the horizon.
가방을 맡아 둬요,I leave the bag in someone's care.
포대기에 둘러싸인 아기,a baby wrapped in a swaddling cloth
주목할 만한 대목,a noteworthy point
화근을 미리 없앴어요,I removed the root of trouble in advance.
타락의 길을 걸어요,I walk the path of degeneration.
국가에 보상을 청구했어,I claimed compensation from the state.
깊이 반성을 했습니다,I deeply reflected.
짝은 일쑤 지각을 해,My partner is often late.
거봐 내가 뭐랬어,See what did I tell you
지하철 공사 제13공구,Subway construction Section 13
술은 아주 안 드세요?,Do you not drink at all?
매끈하게 단장한 집,a neatly spruced-up house
시부모 공대를 잘합니다,I treat my in-laws with respect.
먼 길을 뛰어와,I run a long way here.
고개를 절레절레 저어요,I shake my head.
박사 과정을 밟았어,I pursued a PhD program.
증인이 진술을 번복해요,The witness retracts the statement.
그 둘은 무척 친했어,Those two were very close.
시신을 안방에 누였어,I laid the body in the main room.
기내 반입 제외 물품,items excluded from carry-on
앞발을 더 내밀어,Stretch your front paws further
일생을 헛되이 보내요,I waste my life.
국적 불명의 비행기,an aircraft of unknown nationality
쉿 조용히 해라,Shh be quiet
중급 한국어 회화,intermediate Korean conversation
인삼을 꿀에 재요,I soak ginseng in honey.
옥수수를 쪄 먹었습니다,I steamed and ate corn.
한 아름의 꽃다발,an armful bouquet of flowers
화로에 숯을 피웠어,I lit charcoal in the brazier.
꼬들꼬들한 식감의 벌집,honeycomb with a chewy texture
유유히 흐르는 강물,a river flowing serenely
학계의 주목을 받아,I receive attention from academia.
옷에서 실밥을 빼내,I pull loose threads from the clothes.
무한한 우주 공간,infinite outer space
흐뭇한 표정을 지었어요,I made a satisfied expression.
적법한 절차를 거쳐,I go through the proper procedures.
침몰 위기에 몰렸어요,I was pushed to the brink of sinking.
식용으로 돼지를 길렀어,I raised pigs for food.
제반 설비의 불완전,the incompleteness of various facilities
두툼한 겨울 옷차림,thick winter clothing
미래에 대한 예언,a prophecy about the future
국회의 입법 과정,the National Assembly's legislative process
표현 방법이 서툴러요,My way of expressing is clumsy.
필자가 안 밝혀진 책,a book with the author not identified
얼굴이 반쪽이 돼요,My face becomes half its size.
입김을 호호 불었습니다,I blew warm breath hoo-hoo.
물에 빠져 숨져요,I drown in the water.
여당과 야당의 대립,confrontation between the ruling and opposition parties
도읍을 서울로 정했어,We set the capital as Seoul.
이마에 땀이 돋았습니다,Sweat beaded on my forehead.
긴 한숨을 몰아쉬었어요,I let out a long sigh.
등골에 땀이 흘러내려요,Sweat runs down my spine.
전문 인력이 확보돼,Skilled personnel are secured.
극찬을 아끼지 않아요,I don't spare high praise.
재미있게 읽히는 책,a book that's an entertaining read
등심을 구워 먹었습니다,I grilled and ate the sirloin.
교통 법규를 위배해,I violate traffic regulations.
술을 잔뜩 퍼먹었어요,I guzzled a lot of alcohol.
피부에 종기가 생겼어요,A boil formed on the skin.
좋은 반응을 얻습니다,It gets a good response.
폐수에 오염된 강물,river water polluted by wastewater
못을 든든하게 박아라,Drive the nail in firmly
여기 과일 좀 내오너라,Bring some fruit here
정국 주도를 위한 전략,a strategy to lead the political situation
열차가 정시에 출발해,The train departs on time.
제게 맘을 좀 주세요,Please give me a little affection
배에 물이 들어왔어요,Water came into the boat.
손등에 로션을 발라요,I apply lotion to the back of my hand.
온갖 물질을 탐냈어요,I coveted all sorts of material things.
교복 착용의 장점,advantages of wearing school uniforms
참가에 의의가 있었어요,There was value in participating.
의자를 앞당겨 앉아라,Pull your chair closer and sit down
포화가 불을 뿜어,The artillery spits fire.
시위대가 가두로 나왔어,The protesters came out into the streets.
나는 누이가 있었습니다,I had an older sister.
세균 번식을 막아요,I prevent bacterial growth.
민족 유산의 보호,protection of national heritage
개인 자격으로 참가해,I participate in a personal capacity.
폭풍우에 배가 흔들려,The boat rocks in the storm.
우리나라 인근 해역,waters near our country
자세히 가르쳐 줬어요,I taught it in detail.
사계절이 뚜렷한 나라,a country with four distinct seasons
독성이 강한 물질,a highly toxic substance
논의의 여지가 많아요,There's a lot of room for discussion.
여러 명을 속여 넘겨요,I trick several people.
제명을 다하지 못해,I can't live out my natural lifespan.
동해에 솟아오르는 해,the sun rising over the East Sea
먼 길로 삥 돌아서 가,I take a long detour.
호기심에 가득 찬 눈빛,a gaze full of curiosity
저걸로 뭘 할까?,What should we do with that?
불러도 대답이 없었어,There was no answer even when I called.
사고 원인을 규명해요,I determine the cause of the accident.
애도 성명을 발표해요,I issue a statement of condolence.
고온 다습한 기후,a hot and humid climate
잘못의 유무를 따져,I check whether there was wrongdoing.
망원경의 초점을 맞췄어,I focused the telescope.
화차에 화물을 실었어,I loaded the cargo onto the freight car.
머릿결이 윤이 나요,My hair is shiny.
수저로 국물을 떠먹어요,I scoop up the broth with a spoon.
그리운 고교 시절,Nostalgic high school days.
비가 마구마구 쏟아져,The rain is pouring down.
회색빛 시멘트 건물,A gray cement building.
둘이 단짝으로 지내,The two are close friends.
형님에게 신세를 갚았어,I repaid my debt to my older brother.
식물의 생태를 조사했어,I investigated the ecology of plants.
결승점을 향해 치달아요,They race toward the finish line.
너는 대체 누구냐?,Who on earth are you?
해결 방안의 모색,Seeking a solution.
날씨가 제법 춥습니다,The weather is quite cold.
종이 딸랑 울렸어요,The bell rang with a tinkle.
의견 대립을 보였어요,They showed a clash of opinions.
이가 몽땅 빠져요,All the teeth fall out.
정치범의 사면 석방,Amnesty and release of political prisoners.
땅을 평평하게 다졌어요,I tamped the ground flat.
밤을 새워 공부합니다,I study all night.
커피 한잔 마셔,I drink a cup of coffee
자식의 효도를 받습니다,I receive my children's filial piety
인절미에 콩고물을 묻혀,I coat the injeolmi with soybean powder
신부 화장을 해,I do the bride's makeup
환경 오염의 심각성,The seriousness of environmental pollution.
명예 훼손 고소장,Defamation complaint.
그림에 재능을 보였어,I showed talent in drawing
깊은 잠에 빠져들었어요,I fell into a deep sleep
기차가 굴로 들어가요,The train goes into the tunnel
현행 제도의 불합리성,The irrationality of the current system.
거센 역사의 격랑,The fierce turbulence of history.
세금 부담을 감소했어,I reduced the tax burden
내가 못난 탓입니다,It's my fault for being inadequate
식사 준비를 도왔어,I helped prepare the meal
인삼을 달여 먹었습니다,I boiled ginseng and ate it
구멍 난 바지를 호았어,I patched the holey pants
편안한 의자에 앉아요,I sit on a comfortable chair
임대 가격이 쌌어요,The rental price was cheap
남의 흉허물을 까발려요,I expose other people's faults
공과 사를 구별합니다,I distinguish public and private matters
유래를 찾기 힘들었어,It was hard to find the origin
○○ 은행 광화문 지점,○○ Bank Gwanghwamun Branch.
새 솜이 놓인 이불,A quilt with new cotton filling.
카페인의 각성 효과,The stimulating effects of caffeine.
처음 본 희한한 물건,A strange object I've never seen before.
감명 깊은 이야기,A deeply moving story.
꾸벅 인사를 해,I give a bow
옷을 뒤집어 입어요,I wear my clothes inside out
설화의 변이 과정,The transformation process of a folk tale.
끝까지 방심하지 마라,Don't let your guard down until the end.
입성이 초라한 젊은이,A young man with a shabby appearance.
즐거움은 나눌수록 커져,Joy grows the more you share it
밝은 색상의 옷감,Bright-colored fabric.
양복을 갖추어 입어요,I dress in a suit
시를 줄줄 외웠어,I recited the poem fluently
반면이 좋지 않았어,The other side wasn't good
말뚝을 땅에 처박아,I drive a stake into the ground
잔뜩 찌푸린 날씨,Heavily overcast weather.
찬 바람이 휙 불어,A cold wind blows suddenly
아이들의 순진한 호기심,Children's innocent curiosity.
절약이 몸에 배었어,Thriftiness became ingrained
발을 힘차게 내딛어,I stride forward strongly
암탉이 알을 품어,The hen broods the eggs
군부대 위문 공연,A morale-boosting performance for a military base.
솟구쳐 오르는 분노,Surging anger.
잠에 흠뻑 빠졌어요,I fell deeply asleep
이제 두 정거장 남았어,There were only two stops left
전쟁에 나간 군인,A soldier who went off to war.
신약 개발 본격화,Full-scale development of new drugs.
수년의 세월이 흘렀어,Several years passed
붉은빛을 띤 장미,A rose with a reddish hue.
구멍을 펑펑 뚫었습니다,I drilled holes repeatedly
80리 남짓한 행정,An administrative district of about 80 ri.
눈이 펑펑 쏟아져,Snow is pouring down
말할 건더기가 없어,There's nothing to say
고속 도로 진입로,Expressway on-ramp.
효는 덕의 으뜸입니다,Filial piety is the highest virtue
건물의 배치 형태,The layout of the building.
옆구리에 책을 껴요,I tuck a book under my arm
몸을 잘 조섭했어요,I took good care of my health
문단의 원로로 대접받아,I am treated as an elder of the literary world
박물관 소장 문화유산,Cultural heritage held by the museum.
기묘하게 생긴 바위,A bizarre-looking rock.
한참 동안 기다렸어요,I waited for a long time.
문고리를 걸어 잠갔어요,I latched the doorknob.
무광으로 처리한 안경테,Matte-finished eyeglass frames.
요건 어떻게 할까?,What should we do about this?
유행의 최첨단을 걸어요,I stay at the cutting edge of trends.
열쇠를 끼워 넣었어,I inserted the key.
감정의 미묘한 변화,Subtle changes in emotion.
마약류 투약 단속,Crackdown on drug use.
성적이 상위권에 들었어,My grades landed in the top tier.
기술자를 양성하는 학원,An academy that trains technicians.
시청자를 많이 확보해,I secure a lot of viewers.
양육 부담을 덜었어요,I eased the burden of childcare.
한 수만 물러 주게,Give me just one move.
드라마 프로그램 제작사,Drama program production company.
끼니를 간신히 잇습니다,I barely scrape by for meals.
안보 전략을 세워요,I devise a security strategy.
예능 감각을 길렀어,I honed my entertainment sense.
농수산물 가격 표시판,Price board for agricultural and marine products.
병이 씻은 듯이 나아요,The illness clears up completely.
낚싯대를 거두고 일어나,I put away the fishing rod and get up.
전국적 규모의 대회,A nationwide tournament.
평화로운 전원의 풍경,A peaceful rural landscape.
병인의 시중을 들었어,I attended to the sick person.
무리로 송편을 빚어,We make songpyeon in groups.
생활 수준이 중상이었어,The standard of living was upper-middle.
바늘에 찔려 아파,It hurts from being pricked by a needle.
빨래가 빳빳하게 얼어요,The laundry freezes stiff.
우표 모으는 취미,The hobby of collecting stamps.
어떤 자식이 그랬어?,Which punk did that?
자동차가 끼익 멈춰,The car screeches to a halt.
현재 임신 3개월입니다,I am three months pregnant now.
황상의 뜻을 받들었어요,I obeyed the emperor's will.
북쪽 변방 오랑캐,Northern frontier barbarians.
어묵으로 국을 끓여요,I make soup with fish cakes.
표주박으로 물을 떴어요,I drew water with a gourd ladle.
세간의 주목을 끌었어,It drew public attention.
책을 흥얼대는 소리,The sound of humming a book.
조율이 잘된 악기,A well-tuned instrument.
설득과 설명의 차이점,The difference between persuasion and explanation.
세자가 빈을 맞아,The crown prince takes a consort.
공장과 사무의 자동화,Automation of factories and office work.
농토를 자작으로 지었어,I farmed the land myself.
산중에 묻혀 살았습니다,I lived secluded in the mountains.
녹음 상태의 불량,Poor recording quality.
오늘의 특별한 요리,Today's special dish.
가내의 무사를 빌었어요,I prayed for the family's safety.
우물에서 물을 길었어요,I drew water from the well.
수익의 최대화를 꾀해요,I aim to maximize profits.
음성 신호의 전달,Transmission of audio signals.
그런 일은 불가능했어,That kind of thing was impossible.
신을 믿어 주소서,Please believe in God.
우주의 생성과 소멸,The creation and destruction of the universe.
면학 분위기 조성,Creating a studious atmosphere.
구겨진 휴지 조각,A crumpled piece of tissue.
그의 정업은 투전이야,His occupation is gambling.
음악에 맞추어 춤췄어,I danced to the music.
유혈 사태가 빚어졌어,A bloody incident broke out.
술을 한 모금 마셔요,I take a sip of alcohol.
뾰족 솟아 있는 지붕,A pointed roof jutting up.
대주주와 소액 주주,Major shareholders and minor shareholders.
진실된 마음을 나눠,I share a sincere heart.
천재로 소문난 아이,A child known as a genius.
유채꽃이 노랗게 피어,The canola flowers bloom yellow.
비에 씻겨 내려가,It gets washed down by the rain.
해일이 부두를 덮쳐,A tidal wave hits the pier.
연합 전선을 폈어요,We formed a united front.
청소년 사건 전담 요원,Officers assigned exclusively to juvenile cases.
맘속으로만 생각하던 말,Words I only thought in my heart.
정정한 벌목 소리,The crisp sound of felling trees.
겨울이 가고 봄이 왔어,Winter passed and spring came.
와 정말 멋있다!,Wow that's really cool!
마계를 지키는 귀신,A ghost guarding the demon realm.
여론을 방패로 삼아,I use public opinion as a shield.
닭을 닭장에 잡아넣어,I put the chicken into the coop
재확인 과정을 거쳐,I go through the reconfirmation process
당당 1위에 입상해,I win first place confidently
튼튼하게 놓은 다리,A sturdily built bridge.
불법 주차를 적발했어요,I caught illegal parking
끓인 물을 식혀,I cool the boiled water
마음의 장벽을 허물었어,I broke down the mental barrier
작품을 다시 만들었어,I remade the work
고개를 약간 수그려,I lower my head slightly
이상을 향한 열정,Passion for ideals.
앞을 내다보는 통찰력,Foresight.
시종 침묵으로 일관해,I consistently keep silent
좌석의 배정을 마쳐요,I finish assigning the seats
자물쇠에 열쇠를 꽂아요,I insert the key into the lock
날을 꼬박 새웠어요,I stayed up all night
밀가루를 가늘게 빻아요,I grind the flour finely
어깨를 드러내는 옷차림,An outfit that bares the shoulders.
견고한 제방을 쌓아,I build a sturdy embankment
마음씨가 곱고 착해,The person's nature is gentle and kind
사전 조치가 미흡합니다,The preliminary measures are insufficient
무책임한 보도 난무,Irresponsible reporting is rampant.
성장기가 짧은 식물,A plant with a short growing season.
비싼 곡식을 팔아먹어요,I sell off the expensive grain
목표 생산량 돌파,Surpassing the target output.
숯불에서 튀는 불똥,Sparks flying from a charcoal fire.
죽음의 경계선을 넘어,I cross the boundary of death
당국에 수사를 요청해,I request an investigation from the authorities
실업 문제의 해소,Resolution of the unemployment problem.
앞날이 뻔히 보였어,The future was plainly visible
누군가 그를 떠다밀어,Someone pushes him away
음악에 조예가 깊어,I am well-versed in music
평화적 정권 이양,Peaceful transfer of power.
현대 미술의 아버지,The father of modern art.
너 아침 먹었니?,Did you eat breakfast?
난로가 벌겋게 달아올라,The stove glows red hot
가래에 피가 비쳤어요,There was blood in the phlegm
예상이 그대로 들어맞아,The prediction matches exactly
공터 부근을 배회합니다,I wander around the vacant lot
지목을 받쳐 놓았습니다,I propped up the land designation
나도 너만치 먹었어요,I ate as much as you did
인체의 거부 반응,The body's rejection response.
소홀히 보아 넘겨요,I carelessly overlook it
세수를 깨끗이 했어,I washed my face clean
날씨가 무지 춥습니다,The weather is extremely cold
돼지띠면 나랑 동갑이네,If you're a Pig year we're the same age.
제각기 한마디씩 했어,Each of them said a word
증기 기관차의 몸체,The body of a steam locomotive.
횃불을 밝혀 들었습니다,I lit a torch and held it up
남의 탓으로 돌려,I blame it on others
사고가 날까 두려워요,I'm afraid there will be an accident
경제적 안정을 되찾아요,I regain economic stability
그의 앞길은 탄탄해요,His future is solid
침을 꿀꺽 삼켰어요,I swallowed my saliva
알로록달로록 예쁜 치마,A pretty colorful skirt.
과일로 술을 빚습니다,We brew alcohol with fruit.
비슷하게 세워진 기둥,Similar columns standing in a row.
전화 발신지 추적,Tracing the origin of a call.
양팔을 번쩍 쳐들어요,I raise both arms high.
역량 있는 지도자,A capable leader.
오래 걸었더니 힘들어,I'm tired because I walked a long time.
전후의 비참을 겪었어,I went through the misery of the postwar period.
자로 쭉쭉 선을 그어요,I draw straight lines with a ruler.
유난히 반짝이는 별빛,Exceptionally sparkling starlight.
온갖 노력을 기울였어,I made every effort.
뇌에 손상을 입습니다,It causes damage to the brain.
보도를 따라 걸었습니다,I walked along the sidewalk.
감기로 몸이 떨려,My body is shaking from a cold.
석연하지 않은 표정,An uneasy expression.
기자를 사칭한 사기꾼,A con artist posing as a reporter.
익사자 인양 작업,Recovery operations for drowning victims.
줄 간격을 벌려요,I widen the line spacing.
목적지까지 무사히 가,I safely make it to the destination.
지금 당장은 괜찮았어,For the moment it was fine.
괜한 부산을 떨어,I make a needless fuss.
실내에서 조용히 했어요,We stayed quiet indoors.
장관을 지낸 사람,Someone who served as a minister.
득점의 기회를 놓쳐,I miss a scoring chance.
싱그러운 꽃 냄새,The fresh scent of flowers.
이달의 선수에 선정돼요,I am selected as player of the month.
온라인 쇼핑 사업자,An online shopping business operator.
너 이따 나 좀 보자,See me a bit later.
근육이 불끈 솟았어,The muscles bulged.
주전자에 물을 끓여,I boil water in the kettle.
자태가 아름다운 여인,A woman with a beautiful figure.
강도 행각을 벌입니다,They carry out robberies.
출산을 앞둔 산모,A pregnant woman about to give birth.
쌀통에 쌀을 담았습니다,I put rice into the rice bin.
취기가 어린 말투,a tipsy tone of voice
소문이 금세 퍼져요,The rumor spreads quickly.
어지간하면 네가 참아라,If you can you should just put up with it.
제동 거리가 짧습니다,The braking distance is short.
고함 소리가 들려왔어요,Shouting was heard.
큰비로 집이 침수돼요,The house gets flooded due to heavy rain.
남쪽을 향해 섰어요,I stood facing south.
이루어질 수 없는 사랑,a love that can never be fulfilled
부족 국가의 제사장,the priest of a tribal nation
가족의 안위를 돌봤어요,I looked after my family's well-being.
적군을 포로로 사로잡아,I capture enemy soldiers as prisoners.
땀 흘려 농사짓는 농부,a farmer who toils in the fields
동구 앞 정자나무,the zelkova tree in front of the east gate
이마가 두드러진 얼굴,a face with a prominent forehead
돈 낭비가 심했어,The waste of money was severe.
인터넷 서비스 공급자,internet service provider
음식에 식초를 쳤어,I added vinegar to the food.
상담하는 역을 맡습니다,I take the role of counselor.
교통 카드를 충전합니다,I recharge the transit card.
두 팔을 힘차게 내저어,I swing both arms vigorously.
난데없는 아우성 소리,a sudden outcry
아기자기했던 학창 시절,those quaint school days
붉은빛이 도는 사과,an apple with a reddish tinge
밥알이 동동 떠요.,Rice grains float on the surface.
가뭄 피해 지역의 복구,restoration of drought-stricken areas
아기에게 모유를 먹여.,Feed the baby breast milk.
일이 없어 한가해요.,I'm idle because there's no work.
대학 병원 의료진,the medical staff of a university hospital
말발굽에 징을 박았어.,We nailed studs into the horse's hooves.
입에 재갈을 물렸어요.,I put a bit in its mouth.
외모가 번듯한 기와집들,fine-looking tile-roofed houses
독서 열풍이 일어요.,A reading boom is sweeping through.
이뤄질 수 없는 꿈,an unattainable dream
얼굴이 야하게 생겨.,Their face looks suggestive.
방문을 닫고 나와라,Close the door and come out.
유감의 뜻을 표합니다.,I express my regret.
바삐 일손을 놀려.,Keep your hands busy at work.
닥치는 대로 먹었어요.,I ate whatever was in front of me.
그는 여전히 성실해요.,He is still diligent.
친구를 적으로 알아.,Mistake a friend for an enemy.
텁텁한 막걸리 맛,the thick rough taste of makgeolli
일신의 안락을 꾀했어.,He sought his own comfort.
못살게 굴지 마라,Don't be so mean.
나쁜 습관을 고쳤어요.,I fixed my bad habits.
시내버스 노선의 조정,adjustment of city bus routes
서방의 자유 진영,the Western free bloc
차량 통행을 제한해요.,We restrict vehicle traffic.
어마어마하게 큰 집,an enormous house
손잡이가 달린 컵,a cup with a handle
쌀이 똑 떨어졌어.,We ran out of rice completely.
남의 일에 참견해요.,I meddle in other people's affairs.
축하 파티를 열었어요.,We held a celebration party.
손님을 따 버렸어요.,I turned the customer away.
남에게 밥을 구걸해요.,I beg others for food.
연료의 배송을 마쳐요.,We finish the fuel delivery.
너 누구한테 반말이야?,Who are you talking to so casually?
수습 딱지를 뗐어요.,I removed the trainee sticker.
한 걸음 성큼 나섰어.,I stepped forward with a big stride.
학자금을 대 줘.,Cover the tuition.
연인 관계를 끝장내.,Put an end to the relationship.
산사태 우려 지역,a landslide-prone area
무면허로 운전을 해요.,I drive without a license.
남북 관계의 먹구름,dark clouds over inter-Korean relations
비상사태에 대한 대비,preparations for an emergency
전몰 군경 유가족,families of soldiers and police killed in action
어머 눈이 오네,Oh my it's snowing.
눈앞이 빙빙 돌아요.,Everything spins before my eyes.
창사 50주년 기념일,the 50th anniversary of the company's founding
공항에 마중 나가.,I go to the airport to pick someone up.
화초를 안으로 들여와라,Bring the plants inside.
자꾸 흘러내리는 안경,glasses that keep sliding down
안도의 한숨을 쉬어요.,I breathe a sigh of relief.
두 선수가 맞붙었어.,The two players faced off.
극히 우수한 학생,an exceptionally outstanding student
왕골로 엮인 돗자리,a mat woven from rush
동시에 일어난 사건,an incident that occurred simultaneously
친구를 집에 불러들여.,I call my friend into the house.
원전에 충실한 번역,a translation faithful to the original
성의 노골적 묘사,an explicit depiction of sex
죽을 고비를 겪었어.,I went through a near-death ordeal.
개시니까 싸게 드렸어.,Since it was the opening I gave it to you cheaply.
연소자 입장 불가 영화,a movie off-limits to minors
지정 좌석에 앉으시오,Please sit in your assigned seat.
문학에 유의한 사람,a person significant to literature
팔다리 노릇을 했어.,I acted as a lackey.
생산 활동의 위축,a contraction of production activity
서류를 세 부 복사해.,I make three copies of the documents.
제국주의의 억압과 수탈,the oppression and exploitation of imperialism
과학 기술의 진보,the progress of science and technology
주택 전파 지원금,a support grant for totally destroyed homes
복숭아로 잼을 만들어.,I make jam from peaches.
인공 감미료 첨가,with artificial sweetener added
병으로 간이 부었어.,My liver swelled due to illness.
목에 목도리를 합니다.,I wear a scarf around my neck.
재건축 승인을 받아요.,I receive approval for reconstruction.
집게로 빨래를 집어요.,I clip the laundry with clothespins.
아이를 데리러 가.,I go to pick up the child.
은메달을 목에 걸었어.,I hung the silver medal around my neck.
사고를 사전에 예방해.,I prevent accidents in advance.
늙은 신랑 어린 신부,an old groom a young bride
책상에 먼지가 쌓여요.,Dust accumulates on the desk.
거울에 얼굴을 비췄어.,I reflected my face in the mirror.
성장 일로에 있는 회사,a company on the path of growth
프로 야구 정규 시즌,the regular season of professional baseball
호수의 둘레를 쟀어요.,I measured the circumference of the lake.
코앞에 총을 들이댔어.,I shoved a gun right up close.
나무에 수액이 올랐어.,Sap rose in the tree.
시속 70km의 속력,a speed of 70 km/h
같은 범주에 속해요.,It belongs to the same category.
인간 본연의 모습,the inherent nature of human beings
나는 동생과 사이좋아.,I get along well with my younger sibling.
풀잎에 이슬이 맺혀요.,Dew forms on the grass.
혼자서 머 먹니?,What are you eating by yourself?
건물 전형을 찍습니다.,I take a full-view photo of the building.
무릎 꿇고 기도합니다.,I pray on my knees.
집에 누구누구 있지?,Who all is at home?
계약 보증금 청구,a claim for the contract deposit
신정 국사 교과서,a newly revised Korean history textbook
술을 마셔 젖혔어요,I downed the drink.
약수를 뜨러 갔어요,I went to draw mineral water.
수술 도구를 소독합니다,Surgical instruments are sterilized.
전차의 은은한 향기,the subtle aroma of green tea
완주에 소요되는 시간,the time required to complete the course
용돈을 아껴 써라,Use your allowance sparingly.
두 끝을 맞걸어 맸어요,I tied the two ends together.
손수건을 고이 접어,I fold the handkerchief neatly.
장관 명의의 확인서,a certificate in the minister's name
불똥이 사방으로 튀어요,Sparks fly in all directions.
베개를 고쳐 베었어,I adjusted the pillow and laid my head on it.
중세 사회의 해체,the disintegration of medieval society
백두산의 정기를 받았어,I received the spirit of Mount Baekdu.
칼날이 몸에 스쳐,The blade brushes my body.
화재를 미연에 방지해,I prevent fires in advance.
깃발이 천천히 내려졌어,The flag was lowered slowly.
집안일에 무관심한 남편,a husband indifferent to housework
신인 탤런트 선발 대회,a new talent selection contest
예금 잔고를 확인해,I check the account balance.
그는 잠자코 있었습니다,He kept silent.
짝퉁 명품 가방을 샀어,I bought a counterfeit designer bag.
머리를 숙여 인사합니다,I bow my head and greet.
무덤 속으로 들어갔어,I went into the grave.
물건을 포장지로 쌌어,I wrapped the item in wrapping paper.
좋은 직장을 붙잡았어,I held on to a good job.
음악회 입장권을 샀어,I bought a concert ticket.
이리저리 핑계를 댔어,I made excuses here and there.
문제를 꼼꼼 생각합니다,I think through the problem carefully.
담 위로 뛰어올라,I jump up over the wall.
근대와 전근대의 공존,the coexistence of the modern and the premodern
상점에 손님이 많아요,There are many customers in the shop.
완두콩을 껍질째 삶았어,I boiled the peas in their pods.
파리가 쉬를 슬습니다,A fly excretes.
뚱뚱하게 부어오른 다리,legs swollen and puffy
자동차 산업의 본산,the cradle of the automobile industry
때가 껴 지저분한 옷,clothes filthy with grime
고추냉이를 푼 간장,soy sauce mixed with wasabi
원혼들의 넋을 건져 줘,I save the souls of the restless dead.
그가 몸담았던 언론계,the media world he belonged to
부임 절차를 밟아,I go through the appointment procedures.
반달같이 예쁜 송편,pretty songpyeon like a half-moon
경제 성장의 원동력,the driving force of economic growth
예술과 기술의 융합,the convergence of art and technology
고소한 참기름 냄새,the nutty smell of sesame oil
은행에서 대출을 받아요,I get a loan from the bank.
아이에게 껌을 씹혀,I have the child chew gum.
헛된 야망을 품어,I harbor vain ambitions.
아기에게 젖을 먹입니다,I feed the baby milk.
한곳에 오래 머물렀어요,I stayed in one place for a long time.
이것저것 입어 봐,Try on this and that.
오랜만에 벗을 찾아,I look up a friend after a long time.
난선이 표류해 있었어,The distressed ship was adrift.
기적을 행하는 초능력자,a miracle-working psychic
잘못된 점이 지적됐어,The mistakes were pointed out.
소유와 경영의 분리,the separation of ownership and management
녹두를 물에 불려,I soak the mung beans in water.
더없이 좋은 사람,a person who couldn't be better
수취인 불명의 우편물,mail with an unknown recipient
위법한 것으로 확인돼,It is confirmed to be illegal.
용이 불을 뿜습니다,The dragon breathes fire.
남의 물건을 욕심냈어요,I coveted someone else's belongings
시험 문제가 어렵습니다,The exam questions are difficult
옛 추억을 살렸어,I revived old memories
엉 넌 누구냐?,Huh who are you?
생선 비린내가 심해요,The fishy smell is strong
단풍 구경을 갔어요,I went to see the autumn foliage
성질 사나운 사람,a bad-tempered person
머리를 바짝 깎았어,I shaved my head very close
남의 의혹을 샀어,I aroused others' suspicions
공화국의 창출 과정,the process of founding the republic
이웃 마을에 사는 친구,a friend who lives in the neighboring village
동물에게 먹이를 줬어요,I fed the animals
욕조에 물을 받았어,I filled the bathtub with water
고립 상태에 빠졌어요,I fell into isolation
끝없이 펼쳐진 초원,an endless grassland
강가를 거니는 연인,lovers strolling by the river
옷을 거꾸로 입었어,I wore my clothes inside out
암실에서 화면을 잘라요,I cut the image in the darkroom
관리들의 비위 탄핵,impeachment of officials for corruption
탁월한 임상 효과,excellent clinical efficacy
숙취로 두통이 심합니다,I have a severe headache from a hangover
현실에 대응하는 태도,an attitude that addresses reality
선사 시대의 유적,prehistoric remains
고대 국가의 형성,the formation of ancient states
국민의 기본적 의무,the basic duties of citizens
매번을 퇴짜 맞았어,I got turned down every time
반쯤 허물어진 건물,a half-collapsed building
덮개를 씌운 마차,a cart with a cover
객차를 열 량 단 기차,a train with ten passenger cars
과학의 발전에 기여해,I contribute to the development of science
잡초를 쑥쑥 뽑았습니다,I pulled out the weeds quickly
산악회에 가입을 신청해,I apply to join the hiking club
자료 수집 대행 업무,data collection outsourcing work
큰 비전을 세웠어요,I established a grand vision
애칭을 붙여 줘,I give a nickname
담배꽁초를 주워 피워,I pick up and smoke cigarette butts
아버지에 대한 반항,rebellion against one's father
남의 장단에 놀아났어요,I got carried away by someone else's rhythm
유치장 신세를 져요,I end up in a detention cell
너를 정말 사랑해,I really love you.
행사 기금이 마련됐어,The event fund was secured
부패한 정권의 잔해,the remnants of a corrupt regime
문설주에 몸을 기댔어요,I leaned my body against the doorjamb
마음을 짓누르는 걱정,a worry weighing on the heart
간단한 다과를 마련해,I prepare a simple snack
이력서에 정자로 기입해,I fill out the resume in neat handwriting
광대한 제국을 건설해요,I build a vast empire
달빛이 가득한 마당,a yard filled with moonlight
화물의 운송 경로,cargo transport route
토지의 보상 평가,compensation assessment for land
비정상적 반복 행동,abnormal repetitive behavior
혈압이 낮은 사람,a person with low blood pressure
화분에 물을 줘요,I water the flowerpot
날마다 책을 읽어요,I read a book every day
기계로 칼을 갈았어요.,I sharpened the knife with a machine.
방 안이 훈훈했어.,The room was cozy and warm.
딱딱 잘라 말해.,I speak bluntly.
선명한 아침 햇살,bright morning sunlight
소금물을 머금은 모래,sand soaked with saltwater
개막을 알리는 종소리,the bell announcing the opening
신분 보장의 불확실성,uncertainty about status security
정든 임을 보냈어.,I sent off my beloved.
극명한 시각 차이,a stark difference in viewpoints
솜사탕을 뜯어 먹어요.,I pull off and eat the cotton candy.
도배를 새로 합니다.,I re-paper the walls.
해진 양말을 꿰매요.,I mend the worn socks.
높은 벼슬과 후한 봉록,high office and generous stipend
징역 10년을 구형해.,They seek a 10-year prison sentence.
친구와 실력을 다퉈.,I compete in skill with a friend.
부가세 포함 가격,price including VAT
밤비에 흠씬 젖습니다.,I get soaked by the night rain.
경청한 가을 하늘,clear autumn sky
부디 건강하길 바랐어.,I sincerely hoped you would be healthy.
일상사의 자잘한 이야기,trivial stories of everyday life
이길 확률이 희박해요.,The chance of winning is slim.
아니 벌써 도착했니?,What you've arrived already?
가문을 빛낸 조상,an ancestor who honored the family
위험하기 짝이 없었어.,It was extremely dangerous.
교육 민주화 선언,declaration of educational democratization
날씨가 좀 춥니?,Is the weather a bit cold?
동사무소 앞 게시판,notice board in front of the community office
몸에 물을 끼얹어.,I pour water over my body.
애착이 가는 물건,an object one is attached to
허망을 안겨 줬어.,I left them feeling empty.
국가 발전의 요체,the essence of national development
학생에게 엄한 선생님,a strict teacher toward students
해안에 배를 정박해요.,I moor the ship at the shore.
아무 날 아무 시,any day any time
숨기에 적당한 곳,a place suitable for hiding
그는 인간이 틀렸어,He's just a bad person
놓치기가 아까운 인재,a talent too good to miss
나는 과학을 좋아해요.,I like science.
귀한 걸음을 해요.,I make a gracious visit.
소방 시설을 갖췄어.,I equipped the firefighting facilities.
칠천만 국내외 동포,seventy million compatriots at home and abroad
온갖 재물을 모았어요.,I gathered all kinds of wealth.
너희의 꿈을 이루어라,achieve your dreams
화덕 위에 얹힌 냄비,a pot set on top of the furnace
선거철 철새 공방,election-season mudslinging by political opportunists
독특한 채색 기법,a unique coloring technique
고려자기의 독특한 미,the unique beauty of Goryeo celadon
십자로 줄을 긋습니다.,I draw lines in a cross.
돋보이는 노래 솜씨,outstanding singing ability
말고삐를 조여 잡았어.,I tightened and held the reins.
술에 얼큰하게 취해요.,I get tipsy on alcohol.
법령의 유효 기간,validity period of the law
이 바보 먹통아!,You idiot you blockhead!
찌개가 닳아서 짰어.,The stew was salty because it had boiled down.
사례를 톡톡히 했어.,I gave a proper reward.
발색이 자연스러운 제품,a product with natural color
숲속에 은폐한 적군,enemy troops concealed in the forest
네모가 뚜렷한 바위,a rock with clearly defined corners
차가 연달아 와.,Cars keep coming one after another.
나 혼자라는 생각,the thought that I'm alone
안팎이 다른 사람,a two-faced person
수차에 걸쳐 요청했어.,I requested it several times.
사회의 구조적 모순,structural contradictions in society
각종 매체를 동원해요.,I mobilize various media outlets.
나더러 어쩌란 말이냐?,What do you want me to do?
인기 절정에 올라요,It's at the height of popularity
합격 통보를 받았어,I got the acceptance notice
답안지에 답을 적습니다,We write the answers on the answer sheet
새해 복 많이 받으세요,Happy New Year
부모의 뜻을 어겼어요,I went against my parents' wishes
이제 그만 가자,Let's go now
돌연히 기차가 멈춰 서,The train suddenly comes to a halt
심란한 얼굴을 했습니다,I had a troubled look
소리를 버럭 질렀어,I shouted sharply
쿵쿵 울리는 심장,a heart thumping loudly
어머머 기가 막혀!,Oh my this is unbelievable!
평균적 발달 속도,average rate of development
채용 인원과 방법,the number of people to be hired and the method
사랑에 목말라 있어요,I'm thirsty for love
한 평 넓이의 땅,a plot of land one pyeong in size
달콤한 잠에 빠졌어,I fell into a sweet sleep
지배 세력에 대항해요,They resist the ruling power
정신적 쾌락을 추구했어,I pursued mental pleasure
안개에 휩싸인 마을,a village shrouded in fog
런던 주재 특파원,a correspondent stationed in London
구름이 유연한 하늘,a sky with soft flowing clouds
사업의 규모가 엄청나요,The scale of the business is enormous
시꺼멓게 탄 숯검정,pitch-black charred charcoal
기름값이 갑자기 솟았어,Gas prices suddenly shot up
털썩 무릎을 꿇었어,I dropped to my knees with a thud
영화 제작에 몰두했어요,I was absorbed in film production
민족 역량의 과시,a display of national capability
배가 고파서 우는 아기,a baby crying from hunger
적의 선동에 동조했어,I sided with the enemy's incitement
하늘에 구름이 떠돌아요,Clouds drift in the sky
파랗게 돋아나는 새싹,green sprouts pushing up
내각 책임제를 채택했어,They adopted the cabinet responsibility system
피해 정도가 극심했어,The extent of the damage was severe
전혀 생소한 모습,a completely unfamiliar appearance
내 말을 마저 들어라,hear the rest of what I'm saying
조선의 관직 체계,the official rank system of Joseon
싱싱하게 팔딱이는 생선,a fish flapping fresh and lively
가려운 데를 긁었습니다,I scratched the itchy spot
계약 기간을 연장합니다,We extend the contract period
땅속에 사는 두더지,a mole that lives underground
막대한 유산을 받았어요,I received a huge inheritance
국경을 초월한 사랑,love that transcends borders
미술 작품 전시회,an art exhibition
보리를 섬에 담고 있어,I'm putting barley into a sack
항상 의지가 되는 사람,a person who is always a support to rely on
당사자가 처리할 문제,a matter for the party concerned to handle
대화가 오고 가,The conversation goes back and forth
원만한 부부 생활,a harmonious married life
원작에 충실한 번역,a translation faithful to the original
딱한 사정을 듣습니다,We hear a pitiful story
집에 편지가 와요,A letter arrives at the house
사고의 원인을 조사했어,I investigated the cause of the accident
인파가 넘치는 거리,a street crowded with people
고대 국가의 출현,the emergence of ancient states
기생이 나오는 술집,a tavern with gisaeng
급격한 노임 인상,a sharp wage increase
자문 위원회 구성,formation of an advisory committee
추진력이 강한 엔진,an engine with strong thrust
손님을 잘 모시고 있어,I'm taking good care of the guests
국민의 호응과 격려,the people's support and encouragement
그것은 언니더러 물어봐,Ask your older sister about that
전투에서 부상을 당해요,I get injured in battle
동학군의 수령 전봉준,Jeon Bong-jun leader of the Donghak army
용의자가 검찰에 검거돼,The suspect gets arrested by the prosecution
사원을 외국에 내보냈어,I sent employees abroad
소금물로 입을 가셨어요,I rinsed my mouth with salt water
통신 판매용 상품 목록,a product catalog for mail-order sales
빚을 차근차근 갚습니다,We pay off the debt step by step
오 연승을 거둬.,We notch five straight wins.
경제적 원조를 요청해.,I request financial assistance.
새장에 새를 가둬.,I keep the bird in the cage.
수도권 공략에 나서.,We move to target the capital region.
도구를 잘 지켰어.,I took good care of the tools.
밥은 제때 챙겨 먹어라,Make sure you eat meals on time
몸을 깨끗이 씻어요.,I wash my body clean.
숙련을 요하는 작업,work that requires skill
과목별 전담 교사,subject-specific teachers
가정의 평화를 깨뜨려.,It shatters family peace.
망인의 명복을 빌어.,I pray for the deceased's repose.
산초 냄새가 향긋한 국,a soup fragrant with the scent of sansho
분유를 물에 타.,I mix the formula into water.
사랑을 듬뿍 받았어.,I received lots of love.
고속 주행 하는 자동차,a car driving at high speed
자손의 번성을 빌어.,I pray for the prosperity of one's descendants.
보기 드문 절세미인,a rare stunning beauty
한가로운 오후 시간,a leisurely afternoon
속임수가 능한 사람,a person skilled at deception
혼기를 놓친 노처녀,an old maid past her marriageable age
건축용 철강 구조물,steel structures for construction
복습하는 습관을 들여.,I develop the habit of reviewing.
슬그머니 겁이 나요.,I start to feel scared.
소설을 잘게 분석해.,I analyze the novel in detail.
별의별 고생을 다 해.,I go through all kinds of hardships.
일가가 되는 사람,a person who becomes family
신상에게 절을 합니다.,I bow to the statue.
악수로 퍼붓는 비,a downpour of rain
금융 실명제 실시,implementation of the financial real-name system
길에 버려진 쓰레기,trash thrown away on the street
신입생 등록 기간,freshman registration period
배뇨에 이상이 생겼어.,An abnormality developed in urination.
통산 100호 홈런,the 100th career home run
딱딱한 호두 껍데기,a hard walnut shell
절망의 심연에 빠져.,I fall into the abyss of despair.
물에 수건을 잠갔어요.,I soaked a towel in water.
정원 잔디를 깎아.,I mow the garden lawn.
머리맡에 놓은 물그릇,a bowl of water placed by the bedside
비밀 정보의 보안,security of confidential information
새파란 가을 하늘,a deep blue autumn sky
옥상에다 빨래를 널어.,I hang the laundry on the rooftop.
끊어진 실을 이었어.,I tied the broken thread back together.
불법을 눈감아 줘.,I turn a blind eye to illegality.
맡은 책임이 무거웠어.,The responsibility I took on was heavy.
불행이 잇따라 닥쳤어.,Misfortunes struck one after another.
어린이 유괴 사건,a child abduction case
정부 전복을 꾀해요.,We plot to overthrow the government.
한숨을 푹 내쉬어.,I let out a deep sigh.
훈련 경계경보 발령,issuance of a training alert
정원에 나무를 심어요.,We plant trees in the garden.
기개가 높은 지사,a patriot of lofty spirit
놀라운 기술 혁신,astonishing technological innovation
노새 발굽에 차여.,I get kicked by a mule's hoof.
두뇌 기능의 극대화,maximization of brain function
야심에 찬 젊은이,an ambitious young person
제복을 입은 군인,a soldier in uniform
학사 학위를 받아.,I receive a bachelor's degree.
성적 욕구를 채웠어요.,We satisfied sexual desires.
땀이 옷에 스몄어.,Sweat soaked into my clothes.
네 의견은 어떠니?,What do you think?
은하수를 건너는 조각배,a small boat crossing the Milky Way
농업 기술의 혁신,innovation in agricultural technology
문학상 수상 작가,a literary award-winning author
몽고의 유럽 원정,the Mongol expedition to Europe
풍경을 묘사한 구절,a passage describing the scenery
그럭저럭 잘 지냈어요.,We got by okay.
숨은 일화를 공개해요.,We reveal a hidden anecdote.
구청의 호적 담당 계원,a district office clerk in charge of the family register
동족 부락이 형성돼.,An ethnic enclave forms.
1학년 담임을 맡았어.,I took charge as the first-year homeroom teacher.
남자의 억센 손아귀,the man's strong grip
살인 사건의 용의자,a suspect in a murder case
불쑥 튀어나온 배,a suddenly protruding belly
맥주의 연간 소비량,annual beer consumption
회장 선거에 출마했어.,I ran in the president election.
외계에서 온 사람,a person from outer space
가던 길을 되돌아왔어.,I turned back on the way I was going.
정북으로 뻗은 길,a road stretching due north
종합 병원의 병원장,the director of a general hospital
공을 퉁퉁 튀겼어요.,We bounced the ball hard.
장애인 편의 시설,facilities for the disabled
정부 산하 공기업,a state-owned enterprise under the government
고등 법원에 항소했어.,I appealed to the high court.
한눈에 사랑에 빠져요.,We fall in love at first sight.
피곤해서 풀어진 눈,eyes drooping with fatigue
커다란 짐승 한 마리,a single large beast
바닥에 들붙은 껌,gum stuck to the floor
알맹이가 빠진 말,empty words lacking substance
피곤할 테니 어서 자라,You'll be tired so go to sleep.
대통령 직속 자문 기관,a presidential advisory body
내구성이 좋은 재질,a durable material
주식이 고점을 찍어요.,The stock hits a high.
무늬 고운 호랑나비,a beautifully patterned tiger swallowtail
아파서 들뜬 얼굴,a flushed face from illness
현란하게 빛나는 별,a brilliantly shining star
상가의 즐비한 간판들,rows of shop signs
자유로운 몸이 됐어.,I became free.
우상을 섬기지 마라,Do not worship idols.
신문 보도를 읽어요.,We read the newspaper reports.
오늘 간식은 뭐지?,What's today's snack?
보석이 박힌 왕관,a crown set with jewels
천하장사 순위 결정전,a match to decide the strongman rankings
저편 한길로 난 창,a window opening onto the road over there
강호에 묻혀 살아.,I live in seclusion from the martial world.
채소를 몸소 길러요,I grow vegetables myself.
연한 분홍색 투피스,a light pink two-piece outfit
기분이 짜릿함을 느꼈어,I felt a thrill.
바지의 본을 떠요,I make the pattern for the pants.
소설의 시대별 양상,the characteristics of novels by era
연령에 맞는 장난감,an age-appropriate toy
건물의 기둥을 세워요,I set up the building's pillars.
골짜기에 흐르는 시냇물,a stream flowing through the valley
고통의 늪을 헤어나요,I get out of the swamp of pain.
폭동이 일어날 기세,on the verge of a riot
머지않아 소식이 와요,News will come soon.
솔개가 허공을 맴돌아,A kite circles in the sky.
친구에게 술을 권했어,I offered my friend a drink.
금방 구워 낸 빵,freshly baked bread
대책 마련이 절실했어요,Countermeasures were urgently needed.
국가대표 야구 선수,a national-team baseball player
도시와 농촌의 불균형,the imbalance between city and countryside
대포 한잔 했어,I had a shot of liquor.
축구 시합을 관람했어,I watched the soccer match.
최악의 유혈 충돌,the worst bloody clash
곡식이 잘 여물어요,The grain ripens well.
부동산 소유권의 이동,transfer of real estate ownership
종이를 싹싹 잘라,I cut the paper cleanly.
공동 연구 발표회,a joint research presentation
박물관에 견학을 가요,I go on a field trip to the museum.
어려운 처지에 놓였어요,I was placed in a difficult situation.
생활에 곤란을 겪었어요,I had difficulties in life.
박사 학위를 따요,I earn a doctoral degree.
위대한 자연의 힘,the great power of nature
얌전히 앉아 있었어요,I sat quietly.
유추에 의하여 판단해요,I judge by analogy.
낯을 깨끗이 씻어라,Wash your face clean.
근대사의 시점과 종점,the start and end points of modern history
예술의 사회적 작용,the social function of art
머리를 짧게 잘랐어,I cut my hair short.
청량한 가을 날씨,crisp autumn weather
생체 기능이 마비됩니다,Vital functions are paralyzed.
지난 시절을 회상해요,I reminisce about the past days.
아파트 입주 신청,apartment move-in application
감동의 여운을 남겨요,It leaves a moving afterglow.
다친 부위를 소독해요,I disinfect the injured area.
원화 가치가 상승했어요,The value of the won rose.
바닥에 물을 쏟았어요,I spilled water on the floor.
환경 오염의 주범,the chief culprit of environmental pollution
회의가 난장판이 됐어,The meeting turned into a mess.
몸을 웅크리고 걸었어요,I walked hunched over.
살찐 뚱뚱한 사람,a fat overweight person
형편이 여의치 못했어요,Circumstances were not favorable.
새로운 문제를 야기했어,I caused a new problem.
윤리에 어긋나는 행위,unethical behavior
1년 단위로 계약해,I sign a contract on a one-year basis.
쌍꺼풀 수술을 했어,I got double eyelid surgery.
아무 염려 마십시오,Please don't worry at all.
볼이 축 처져 있습니다,The cheeks are sagging.
무릎에 멍이 들었습니다,My knee got bruised.
민간인 대량 학살,mass slaughter of civilians
모래의 입자가 고왔어,The sand grains were fine.
인간 중심적 세계관,a human-centered worldview
충실히 자란 아이,a well-raised child
소를 축사로 몰았어,I drove the cow into the barn.
시조 한 수를 읊어,I recite a sijo.
동업자와 이해가 엇갈려,My interests clash with my business partner's.
속세와의 인연을 끊어요,I sever ties with the secular world.
체험 수기를 썼어요,I wrote an account of my experience.
철판에 고기를 구웠어요,I grilled meat on a griddle.
선반 위에 올려놓았어요,I put it on the shelf.
친구를 집에 데려왔어요,I brought a friend home.
배속을 받은 인원,personnel assigned
막대한 수익을 올려,Make enormous profits.
나는 뱀이 무서웠어,I was afraid of snakes.
활동의 터전을 잃습니다,We lose the base for our activities.
국방을 튼튼히 해요,We strengthen national defense.
요사이 어떻게 지내니?,How have you been lately?
사장 자리에 앉았습니다,He took the president's position.
광활한 삼림 지대,a vast forest region
현실 도피적 경향,an escapist tendency
난감한 처지에 놓여,I'm in an awkward situation.
면회를 접수하는 간수,a guard taking visitation requests
아군이 적에게 패했어,Our forces were defeated by the enemy.
그놈 참 잘생겼습니다,That guy is really handsome.
입김을 밖으로 뿜어내요,I blow my breath out into the air.
메달 획득에 나서요,We set out to win medals.
도내 수학 경시대회,the provincial math contest
얼굴에 탈을 뒤써요,I put a mask over my face.
총을 호랑이에게 겨눠,I aim the gun at the tiger.
고난으로 얼룩진 인생,a life stained by hardship
밤은 무덥고 지루해요,The night is hot and boring.
나는 너와 달라요,I'm different from you.
중증 장애인을 돌봐요,I care for people with severe disabilities.
돈이 좀 모였어?,Have you saved up some money?
잘 손질한 모시 적삼,a neatly tailored ramie jacket
환경 사업을 육성했어,I promoted environmental projects.
양측이 만나 상담해요,Both sides meet and consult.
과거의 치욕을 되씹어요,I keep reliving the past humiliation.
줄을 가로로 그었습니다,I drew a horizontal line.
정치 자금의 유입,inflow of political funds
선반에 짐을 놓아뒀어,I left the luggage on the shelf.
얼음이 물이 돼,Ice turns into water.
마당 깊숙이 묻습니다,I bury it deep in the yard.
먹는 낙으로 살았어요,I lived for the pleasure of eating.
첨단 장비의 도입,the introduction of advanced equipment
회담의 진행 상황,the progress of the talks
문학상 수상 작품,an award-winning literary work
총각 신세를 면해,I get out of being a bachelor.
꼬치에 끼워 말린 곶감,dried persimmons threaded on a skewer
짙은 검은빛 수염,a thick jet-black beard
생각이 너무 진부해요,The idea is too trite.
돈이 급히 필요합니다,Money is urgently needed.
하얀 눈 위를 걸어,I walk on the white snow.
범인의 행방을 알아냈어,I found out the criminal's whereabouts.
용건만 간단히 말해,Just say the point briefly.
포획의 왕자 표범,the leopard prince of the hunt
뜻밖의 재난을 당해,I suffer an unexpected disaster.
금빛 찬란한 왕관,a brilliantly golden crown
갈비를 양념에 재워,I marinate the ribs in seasoning.
감자탕 전문 식당,a restaurant specializing in pork bone soup
하품을 늘어지게 했어요,I let out a long yawn.
과금 정보를 제공했어,I provided the billing information.
수고를 아끼지 않습니다,I spare no effort.
방의 한쪽 모퉁이,one corner of the room
야식을 시켜 먹어,I order late-night food and eat it.
흙냄새가 향기롭게 나요,The smell of soil is fragrant.
수도권의 과잉 팽창,the overexpansion of the capital region
밧줄로 손을 묶습니다,We tie the hands with a rope.
예산 책정이 늦어져,The budget planning is being delayed
남극 탐험대 대원,a member of the Antarctic expedition
둘이 나란히 앉았습니다,The two sat side by side
도우미 역할을 합니다,It serves as a helper
발을 콩콩 굴렀어요,I stomped my feet
따스한 바깥 날씨,warm weather outside
집이 답답하고 더워요,The house feels stuffy and hot
사고 보도를 접합니다,We come across reports of the accident
아이의 수면 독립 시기,the time when a child starts sleeping independently
활짝 핀 진달래꽃,azalea blossoms in full bloom
지하철 혼잡 시간,subway rush hour
열매가 주렁주렁 달렸어,Fruits hung in clusters
농촌의 장래가 밝습니다,The future of rural areas is bright
상을 푸짐하게 차려요,I set a generous table
코를 벌름거리는 버릇,a habit of flaring one's nostrils
혹독한 동풍이 불었어,A harsh east wind blew
도로의 너비를 재었어,I measured the width of the road
정도에 맞는 생활,a life within one's means
더욱 붉어지는 노을,a sunset growing even redder
나비가 훨훨 날아가요,Butterflies flutter away
연습생 출신의 스타,a star who started as a trainee
주차장에 차를 대,I park the car in the lot
출세 가도를 달렸어요,I was on the fast track to success
불공정 거래 행위,unfair trade practices
수급의 균형이 맞았어,Supply and demand were in balance
벽에서 못을 뽑아내요,I pull a nail out of the wall
기수를 남으로 향해요,The standard-bearer heads south
사자는 동물의 왕이에요,The lion is the king of animals
수저로 밥을 먹었어,I ate rice with a spoon
사고가 급격히 감소했어,Accidents decreased sharply
발목까지 오는 신,ankle-high shoes
배전의 노력을 기울였어,We put effort into power distribution
자신의 업적을 내세워요,They tout their achievements
긴장 상태가 완화됐어요,The tension eased
병세가 심상치 않아요,The illness is not looking good
갑옷을 걸친 장군,a general wearing armor
줄거리의 매끄러운 연결,smooth plot continuity
학교가 있던 자리,the spot where the school used to be
신경을 자극하는 소리,a sound that grates on the nerves
밭에 씨를 뿌려요,I sow seeds in the field
경계 근무를 섰어요,I stood guard duty
걷잡을 수 없는 사태,an uncontrollable situation
강경한 태도를 고수해요,They maintain a hardline stance
범인 탐문을 시작합니다,We begin canvassing for the culprit
완벽에 가까운 묘기,a stunt close to perfection
주요 쟁점으로 떠올라요,It emerges as a key issue
소속 정당을 탈당했어,I left my party
미친개 날뛰듯 했어요,They acted like a rabid dog
학습 태도가 좋아,The study attitude is good
담뱃대에 트집이 갔어요,The pipe stem got a nick
쓴소리에 귀를 기울여요,I listen to harsh criticism
건축가가 설계한 집,a house designed by an architect
물감을 묽게 탔어,I diluted the paint.
누구 앞에서 시치미야?,Who are you playing innocent in front of?
불량한 학생들을 징계해,I discipline the delinquent students.
자동차 조립 공장,an automobile assembly plant
남녀 혼성 합창단,a mixed-gender choir
생계비가 많이 들어요,Living expenses cost a lot.
일을 능숙하게 처리했어,I handled the work skillfully.
단체 협약 중재 조항,a mediation clause in a collective agreement
생사가 걸린 문제,a matter of life and death
나물을 넣고 밥을 비벼,I mix the rice with the vegetables.
책상 대용의 밥상,a dining table used in place of a desk
특별히 신경 썼어,I paid special attention.
사회에서 소외된 계층,a socially marginalized group
화살표 방향으로 가시오,Go in the direction of the arrow.
주도적 구실을 다했어,I played a leading role.
못된 짓을 꾀해요,I plot something bad.
시 대항 체육 대회,an intercity sports meet
작동 장치를 수리해요,I repair the mechanism.
탑승객 전원이 구조돼,All the passengers are rescued.
성문이 닫혀 있었어요,The castle gate was closed.
밭에서 풀을 뽑아요,I pull weeds in the field.
상공에 연을 띄워요,I fly a kite in the sky.
법칙에 따라 행동했어요,I acted according to the rules.
농산물 직판 시장,a direct farm-produce market
암벽에 새긴 불상,a Buddha statue carved into a rock face
온갖 정성을 기울여요,I put in every possible effort.
계좌에서 돈을 찾았어요,I withdrew money from the account.
야산에서 나무를 해 와,I gather firewood from the low hills.
그는 어젯밤 과음해,He drank too much last night.
손을 저으며 부인해,I wave my hand and deny it.
남성 위주의 사회,a male-dominated society
강대국에 희생된 민족,a people sacrificed to great powers
사례를 들어 설명했어,I explained by giving an example.
약효의 지속 시간,the duration of a medicine's effect
이 물건 좀 그렇지?,This thing is a bit off right?
걷기에 알맞은 거리야,It's a good distance for walking.
국가의 근간 사업,a fundamental national project
신선한 공기를 마셔,I breathe fresh air.
동행들 뒤를 따라갔어요,I followed behind the companions.
높고 푸른 가을 하늘,the high blue autumn sky
청사에 길이 남을 업적,a historic achievement
조금 더 기다리자,Let's wait a little longer.
쓰레기 더미를 치워요,I clear away the pile of trash.
양말에 구멍이 뚫어져,There's a hole in the sock.
손에 기름이 묻습니다,Oil gets on my hands.
명예에 훼손을 입었어요,I suffered damage to my honor.
인화물은 위험성이 커요,Flammables are highly dangerous.
치료비가 많이 들어,Treatment costs a lot.
안계가 탁 트였습니다,The visibility opened up.
새로운 음주 문화,a new drinking culture
서울시 소속의 공무원,a Seoul city government official
음식에 독을 타,I put poison in the food.
검정 치마에 흰 저고리,a white jeogori with a black skirt
억울한 넋을 달랬어,I soothed the wronged spirit.
길에 침을 찍 뱉어,I spit on the road.
부모의 뜻을 거역했어,I defied my parents' wishes.
무난한 빛깔의 한복,a hanbok in a subdued color
소리를 빽 질렀어요,I screamed loudly.
바닥에 물을 흘렸어요,I spilled water on the floor.
한숨을 푸 내쉬었어요,I let out a long sigh.
아기의 숨결을 느꼈어,I felt the baby's breath.
찌개가 바짝 졸았어,The stew boiled down.
날아오는 공을 맞받아,I hit back the incoming ball.
뇌리에서 떠나지 않아요,It doesn't leave my mind.
풍선이 팡 터졌어요,The balloon popped.
두 줄을 띄고 써라,Write leaving two blank lines.
오늘의 경제 발전,today's economic development
꽃병에 물을 갈아 줬어,I changed the water in the vase.
그 재봉틀은 수동이에요,That sewing machine is manual.
잘 익은 과즙의 냄새,the scent of well-ripened juice
목사의 설교를 들어,I listen to the pastor's sermon.
횃불이 활활 타올라,The torch blazes.
시외버스 노선을 알아봐,I look up the intercity bus routes.
송홧가루 흩날리는 솔숲,a pine grove with pine pollen drifting
생태계의 먹이 사슬,the ecosystem's food chain
해외 동포의 모국 방문,overseas compatriots' visit to the motherland
그는 만만찮은 상대였어,He was no easy opponent.
그의 말버릇은 여전해요,His speech habits are still the same.
추모 행렬이 잇따라요,Memorial processions keep coming one after another.
신비한 우주의 세계,the mysterious world of the universe
비행기에 연료를 공급해,I supply fuel to the plane.
굉장히 빠른 속도,an extremely fast speed
어려운 농촌 현실,the harsh reality of rural areas
그림에 붓을 대,I put the brush to the painting.
측근에 있는 사람,someone in one's inner circle
그리 넉넉하지 않아,It's not that well-off.
눈을 힘주어 감았습니다,I closed my eyes tightly.
사건의 진상을 밝혀내,I uncover the truth of the incident.
연탄에 불을 붙여요,I light the coal briquette.
의중을 슬쩍 떠봤어요,I subtly probed their intentions.
대기업에서 만든 제품,a product made by a large corporation
형식적 구호에 그쳐요,It ends up as a mere formal slogan.
독자들의 한결같은 반응,the readers' consistent response
커피 맛이 형편없어요,The coffee tastes terrible.
실을 실패에 감았습니다,I wound the thread onto the bobbin.
뛰어난 활약을 벌였어,I put in an outstanding performance.
신흥 국가의 탄생,the birth of an emerging nation
두 행을 건너뛰었어요,I skipped two lines.
허구로 밝혀진 증언,testimony revealed to be false
끊임없는 격려를 받았어,I received constant encouragement.
초등학생용 문구 세트,a stationery set for elementary school students
죄의 유무를 판결해요,I rule on guilt or innocence.
민주적 대항 세력,a democratic opposition force
최고 경영자 회의,a meeting of top executives
교육 환경이 열악했어,The educational environment was poor.
현황 보고를 작성했어,I wrote the status report.
바람에 땀이 식어,My sweat cools in the wind.
임무를 성실히 수행해요,I carry out the mission faithfully.
풍로에 숯불을 피워,I light charcoal in the brazier.
햇볕이 제법 따끈따끈해,The sunshine is pretty warm.
사과가 푹푹 썩습니다,The apples are rotting badly.
식료품을 파는 가게,a store that sells groceries
좌중에 파문을 일으켜,I cause a stir among those present.
봉사 활동 참가자 모집,recruiting volunteers for service activities
우리 겨레의 염원,our people's heartfelt wish
속이 음침한 사람,a person with a sinister mind
집에 생활비를 보탰어요,I chipped in for household expenses.
버스 노선이 연장돼,The bus route is extended.
사과를 반으로 쪼개,I split the apple in half.
허리에 띠를 맸어,I tied a belt around my waist.
미래의 일을 단언합니다,We assert what will happen in the future.
방 안이 따뜻해요,The room is warm.
교주를 신으로 믿습니다,We believe the cult leader to be a god.
의정 활동 보고서,a report on legislative activities
분위기에 걸맞은 옷차림,attire suited to the occasion
달걀 한 판을 사,I buy a tray of eggs.
조심이 많은 사람,a very cautious person
국내외로 알려진 인물,a figure known at home and abroad
용돈을 타서 썼어요,I got some allowance and spent it.
무녀를 불러 굿을 해요,We call a shaman to perform a ritual.
주먹을 질끈 쥐었어,I clenched my fists tightly.
눈치를 힐끔 살펴요,I take quick glances to read the room.
고구마 한 무더기,a pile of sweet potatoes
이 펜은 잘 써져요,This pen writes well.
우승에는 턱없는 실력,skills nowhere near enough for a championship
사고로 눈이 멀었습니다,He went blind due to an accident.
인간의 본성은 선했어요,Human nature was good.
미래에 대한 예측,a prediction about the future
온도 변화를 감지해요,It detects temperature changes.
단어 사용이 올바라요,The word usage is correct.
운동을 일과로 삼아,I make exercise part of my daily routine.
서구 문화의 이식,the transplantation of Western culture
적의 허점을 짚어요,We pinpoint the enemy's weak spot.
화풀이로 술을 마셨어요,I drank to vent my anger.
막차 시간이 임박합니다,The last train time is approaching.
어머나 기가 막혀,Oh my that's unbelievable.
요란한 박수 소리,loud applause
나직하게 떠 있는 구름,clouds floating low
도발 위협이 고조돼요,The threat of provocation is escalating.
저소득층 지원 정책,a support policy for low-income households
건축 경기의 후퇴,a downturn in the construction market
유전자 감식을 의뢰해요,We request DNA analysis.
목숨을 건 치열한 싸움,a fierce fight risking one's life
돈을 척척 내놓았습니다,I promptly handed over the money.
고걸 이리 좀 다오,Bring that here please.
틀리기 쉬운 문제,a problem easy to get wrong
차기 총장 후보자,a candidate for the next president
으음 그렇게 하지,Hmm let's do that.
신문에 광고가 나요,An ad appears in the newspaper.
수도권 소재 대학,a university in the capital region
손님이 부쩍 늘어요,Customers are increasing noticeably.
종이를 발기발기 찢어,I tear the paper into shreds.
수입에 대한 규제,regulations on imports
약속 장소에 이르러요,I arrive at the meeting place.
화로에 불이 켜져요,The fire in the brazier lights up.
그것은 댁의 사정이오,That's your own situation.
물건을 서랍에 넣어,I put the item in the drawer.
양반 행세를 합니다,I act like a nobleman.
세상을 둥글게 살았어,I lived with a broad mind.
옷이 작아 갑갑해,The clothes are small and feel tight.
세계 기록을 경신해,I break the world record.
기둥서방 노릇을 했어요,I played the role of a kept man.
수강 신청 철회 기간,course registration withdrawal period
흰 티를 입은 소년,a boy wearing a white T-shirt
관찰 범위를 좁혔어,I narrowed the observation range.
조선 왕조의 창업,the founding of the Joseon dynasty
길가에 전봇대를 세워,I put up a utility pole by the roadside.
네가 와 주길 바라,I hope you come to visit.
그의 출생지는 전주예요,His birthplace is Jeonju.
먼 길을 달려왔어요,I ran a long way to get here.
그새 별일 없었지?,Nothing happened in the meantime right?
첫닭이 홰를 치는 무렵,around the time the first rooster crows
커튼이 늘어진 방,a room with curtains hanging down
마음의 안정을 잃었어,I lost my peace of mind.
닭찜을 합에 담아요,I put the braised chicken in a container.
응접실이 넓고 환했어,The reception room was spacious and bright.
너부터 먼저 먹어라,You eat first.
국제 대회 정상 등극,reaching the top in an international competition
동네를 한 바퀴 돌아,I take a lap around the neighborhood.
철망 속에 갇힌 원숭이,a monkey trapped in a wire cage
무럭무럭 크는 아이들,children growing fast
망국의 한을 읊은 시,a poem lamenting the sorrow of a fallen nation
착용감이 편한 옷,clothes that are comfortable to wear
말씀이 너무 번거로워요,What you're saying is too much trouble.
손을 부지런히 놀려요,I keep my hands busy.
양국의 공동 관심사,a shared concern of the two countries
시장을 지나다니는 행인,a passerby walking through the market
낫으로 풀을 베어요,I cut the grass with a sickle.
인류의 달 착륙 계획,humanity's plan to land on the moon
승용차 5부제 운동,the passenger-car five-day rotation campaign
떠날 차비를 서둘러라,Hurry and prepare the travel expenses.
운동장에 모여 축구해,We gather on the field and play soccer.
무어 형님이 오셨다고?,What my older brother came?
삶을 아름답게 가꿔,I cultivate a beautiful life.
설날 특집 프로그램,a Lunar New Year special program
긴박한 대치 국면,a tense standoff
좁고 막다른 골목,a narrow dead-end alley
새들이 보금자리를 틀어,The birds build nests.
칼로 벽을 득 긁었어,I scratched the wall with a knife.
젊고 건장한 남자,a young sturdy man
밭에서 감자를 캐내,I dig up potatoes in the field.
돈벌이가 신통치 않았어,My earnings weren't great.
총체적 위기를 맞았어,We faced a total crisis.
숨은 범인을 찾아냈어,I found the hidden culprit.
나는 너 없이 못 살아,I can't live without you.
인구가 현저히 증가했어,The population increased significantly.
저 사람이 누구입니까?,Who is that person?
쌀에 돌이 섞였어요,There were stones mixed in the rice.
또박또박 글을 썼어요,I wrote clearly and carefully.
영화를 보러 극장에 가,I go to the theater to watch a movie.
당선을 무효로 했습니다,We invalidated the election victory.
콩자반 여남은 알갱이,about a dozen soy-braised beans
전반적인 수정이 필요해,Overall revisions are needed.
목사가 설교를 했습니다,The pastor preached.
씨름 한 판을 벌입니다,We hold a round of ssireum.
문제를 폭넓게 다뤘어,I dealt with the issue broadly.
선조를 모신 사당,a shrine enshrining ancestors
돈만 있으면 대수인가?,Is money all that matters?
품질이 썩 좋아져요,The quality has improved a lot.
유일한 휴식 시간,the only time to rest
손님을 객실로 인도해요,I guide the guest to the room.
벌이 얼굴을 쏘았습니다,A bee stung my face.
부엌을 거실로 개조했어,I remodeled the kitchen into a living room.
범죄 소굴에서 도망쳤어,I escaped from the criminals' den.
보약 먹고 기운을 내라,Take the tonic and regain your strength.
초록 물감을 풀어요,I mix the green paint.
통화의 안정적 관리,stable management of the currency
모래에서 사금을 골라내,I pan for gold in the sand.
윤곽이 뚜렷한 얼굴,a face with well-defined features
요즘 감기가 유행이었어,Colds were going around lately.
경찰 수사의 사각지대,a blind spot in police investigations
고거 참 여우 같네,Well you're as sly as a fox.
대규모의 공사를 벌여요,We carry out large-scale construction.
투박하게 짠 양말,roughly knitted socks
응용 능력이 뛰어났어,The applied skills were excellent.
천 두 필을 끊습니다,I buy two bolts of cloth
연못에 돌을 던져,I throw a stone into the pond
영혼의 불멸을 믿어,I believe in the immortality of the soul
대나무로 만든 갈퀴,a rake made of bamboo
몸에 문신을 새겼어요,I got a tattoo
영양가가 많은 식품,nutritious foods
선진 문물의 보급,the spread of advanced culture and goods
그는 재무에 밝습니다,He is well-versed in finance
나무에 잎이 무성해요,The tree is full of leaves
인생의 새로운 출발,a new start in life
머리에 비녀를 꽂았어요,I pinned a hairpin in my hair
땀을 뻘뻘 흘렸어요,I was dripping with sweat
사건의 나열로 그쳐,It ends up as a mere listing of events
볏단을 매매 묶었어,I tied the sheaves of rice straw tightly
여자의 유혹에 빠졌어요,I fell for a woman's temptation
음식 맛이 기막혀,The food tastes incredible
인간은 반드시 죽어요,Humans inevitably die
보자기에 싸인 음식,food wrapped in a bojagi
시멘트를 삽으로 개요,I mix cement with a shovel
전작보다 나은 속편,a sequel better than the previous work
우주에 가득 차요,It fills the universe
자원의 효율적 이용,the efficient use of resources
객석을 꽉 메운 청중,an audience that packed the seats
짐을 단단히 싸요,I pack the luggage tightly
형사의 미행을 받아,I'm being tailed by a detective
소란을 피우지 마라,Don't make a fuss.
종이를 돌돌 말았어,I rolled the paper up
가 볼 만한 장소,a place worth visiting
겉면을 코팅한 광고지,a coated flyer
목을 매어 자살했어,Committed suicide by hanging
정이 착착 붙었어요,I got attached quickly
병세가 하루하루 호전돼,The condition improves day by day
쪽지나 하나 써 보내라,Write a note and send it.
박력 있는 사나이,a forceful man
서울로 전학을 갔어요,I transferred to a school in Seoul
엄청난 이득을 봤어요,I made a huge profit
내성적이고 소심한 성격,an introverted and timid personality
가구에 윤을 냈어요,I polished the furniture
정치적 복권을 꾀해요,I seek political reinstatement
간편한 청바지 차림,casual jeans attire
웃음기를 담은 얼굴,a face with a hint of a smile
수치를 구워 먹습니다,I roast and eat sukchi
사 차선 포장도로,a four-lane paved road
강에 서식하는 동식물,plants and animals living in the river
보자기를 꽉꽉 묶어라,Tie the bojagi tightly.
몽환에 빠져 있었어,I was lost in a dreamy trance
분홍 갑사 저고리,a pink gauze jeogori
일찍이 없었던 일,an unprecedented event
글쎄 잘 모르겠는데요,Well I'm not sure.
기운이 온몸에 뻗쳐,Energy surges through my whole body
투철한 공복 의식,a strong sense of public service
개성 존중의 시대,an era that respects individuality
떡국에 고명을 얹었어요,I added garnish to the rice cake soup
합격 대상자 명단,list of successful candidates
냄새를 제거하는 방향제,an air freshener that removes odors
갈등을 부추기는 행동,behavior that stirs up conflict
뼈가 뚝 부러졌어,The bone snapped
아래층에 사는 사람,a person who lives downstairs
대륙 침략에 나서요,They set out to invade the continent.
이틀을 꼬박 굶었어,I went without eating for two full days.
서로 다른 건의 사항,different suggestions
새로 발견한 법칙,a newly discovered law
육군과 합류한 공군,the air force that joined the army
지구 최초의 생명체,the first life form on Earth
행정 안전부 장관,the Minister of Public Administration and Security
대중의 인기를 얻어요,It gains popularity with the public.
협의를 거쳐서 결정해,We decide after consultation.
나는 미술에 깜깜했어요,I was clueless about art.
낙동강 이남 지역,the region south of the Nakdong River
콧물을 훌쩍 들이마셔,I sniff up my runny nose.
일을 신속히 처리해요,We handle the work quickly.
태풍이 지나간 자리,the path left by a typhoon
보급품을 탑재한 트럭,a truck loaded with supplies
승진의 기회를 놓쳤어요,I missed the chance for a promotion.
남북쪽으로 뚫린 길,a road opened north and south
비누로 얼굴을 씻습니다,I wash my face with soap.
부친의 해상을 기다렸어,I waited for my father's burial at sea.
물과 기름이 겉돌아요,Oil and water don't mix.
고심 끝에 결정을 내려,After much deliberation I make a decision.
같은 리듬의 반복,a repetition of the same rhythm
몸에 착 달라붙는 옷,clothes that cling to the body
걱정을 떨쳐 버려요,I shake off my worries.
손목에 시계를 차,I put a watch on my wrist.
울렁대는 이내 가슴,my heaving chest
끝없이 펼쳐진 들판,endless fields
악취가 진동합니다,A foul odor fills the air.
내 말 알아듣겠니?,Do you understand what I'm saying?
엿새 동안의 휴가,a six-day vacation
마약에 손을 댔어요,I got involved with drugs.
버스가 정류장에 머물러,The bus stays at the stop.
풍부한 경험을 쌓아요,I build up extensive experience.
환부를 찬찬히 살펴봐요,I carefully examine the affected area.
바늘로 손을 찔러요,I prick my hand with a needle.
키만 머쓱하게 큰 사람,a person who is just awkwardly tall
보고서 작성을 완료해,I finish writing the report.
무리하게 일을 합니다,I work excessively.
연료 소모가 많았어,Fuel consumption was high.
방석을 깔고 앉아,I sit down on a cushion.
카페인 함유 음료,a caffeinated beverage
장문의 글을 썼어,I wrote a long piece of writing.
도시 전경을 찍은 사진,a photo of the city panorama
사의 표명을 거듭해,I repeatedly express my intent to resign.
기름기가 많은 고기,fatty meat
로마 제국의 몰락,the fall of the Roman Empire
뜻을 하나로 모았어,We brought our intentions together.
질투의 불길이 타올라,The flames of jealousy flare up.
큰댁에 좀 다녀오너라,Go visit the main house for a bit.
얼굴에 그늘이 서려요,A shadow falls over the face.
슬픔을 이겨 내,I overcome sorrow.
느릿느릿 짠 옷감,slowly woven fabric
봄을 기다리는 마음,a heart waiting for spring
손자 세 명을 뒀어,I had three grandsons.
파란빛이 감도는 치마,a skirt with a bluish tint
도끼로 나무를 찍어.,Chop the tree with an axe.
고개를 갸웃 숙여.,Tilt my head slightly downward.
새 사업을 승인해.,Approve the new business.
음주 운전 특별 단속,a special crackdown on drunk driving
목에 칼을 채워.,Put a knife at the neck.
내일 이맘때 만나자,Let's meet at this time tomorrow.
의기양양한 승리의 미소,a triumphant smile of victory
높은 담을 뛰어내려요.,Jump down from a high wall.
신의 존재를 부인해요.,Deny the existence of God.
관계자 외 출입 금지,No entry except authorized personnel.
이 뚱보 돼지야!,You fat pig!
이번 일은 네가 심했어,You went too far this time.
가요계에 발을 들여놔.,Set foot in the pop music industry.
거부 의사를 표명했어.,Expressed a refusal.
생사 여부를 물었어요.,Asked whether they were alive or dead.
눈썹이 하얗게 셌어요.,The eyebrows turned white.
취미 삼아 하는 일,something done as a hobby
귀신에 들린 사람,a person possessed by a ghost
남의 결점을 들춰.,Point out someone else's faults.
빈 병을 수거합니다.,Collect empty bottles.
능선을 따라 올랐어요.,Climbed along the ridge.
전략이 뛰어난 지략가,a strategist with excellent tactics
초점 없는 눈동자,unfocused eyes
수십 명의 사람들,dozens of people
남북의 대치 상태,a state of confrontation between north and south
30대 초반의 남자,a man in his early thirties
그는 성미가 느려요.,He is slow-tempered.
정상화 대책을 마련해.,Prepare normalization measures.
명예를 좇는 젊은이,a young person who pursues honor
활에 화살을 재었어요.,Nocked an arrow on the bow.
학계의 연구 동향,research trends in academia
군수와 군민과의 대화,a dialogue between the county head and residents
토끼 사냥을 나가.,Go out to hunt rabbits.
묻혀 있던 사건의 적출,the digging out of a long-buried case
쓰러져 가는 고옥,a crumbling old house
궐자가 뭔데 상관이야,What does it matter what the missing character is?
앞머리가 눈을 찔러요.,My bangs poke my eyes.
사건 수사의 장기화,the prolonged investigation of the case
내 당대에 모은 재산,the fortune amassed in my lifetime
철을 함유한 광석,iron-bearing ore
생동감 넘치는 모습,a vivid lively appearance
먼 친척 할아버지,a grandfather who is a distant relative
낙관을 불허하는 정세,a situation that does not allow optimism
본고사 제도 부활,the revival of the main written-exam system
일부러 눈감아 줘.,I deliberately look the other way.
너 나를 모르겠니?,Don't you recognize me?
조선 왕조 오백 년,five hundred years of the Joseon dynasty
머리에 얹힌 화관,a floral crown placed on the head
원고의 신청을 기각해.,I dismiss the plaintiff's petition.
상무 이사로 선임돼요.,I'm appointed as an executive director.
한 계급 승진했어요.,I was promoted by one rank.
천연 잔디 축구장,a natural-grass soccer field
총에 대검을 꽂았어요.,I fixed a bayonet on the rifle.
지배자의 노예가 돼.,I become the ruler's slave.
빨갛게 입술을 칠해.,I paint my lips bright red.
저금리로 대출을 받아.,I take out a loan at a low interest rate.
지우개가 달린 연필,a pencil with an eraser
가슴이 두근두근 뛰어.,My heart is pounding.
생산 비용 최소화 방안,a plan to minimize production costs
파란 하늘빛 물감,blue sky-colored paint
은행에서 돈을 빌렸어.,I borrowed money from the bank.
군청 주최 씨름 대회,a ssireum competition hosted by the county office
비밀리에 열린 회담,talks held in secret
친선 방문단 단장,head of the goodwill delegation
글의 전체적 개요,the overall outline of the writing
문제의 핵심을 집어내.,I pinpoint the core of the problem.
세계 기록 보유자,a world record holder
신진 세력을 견제해요.,We keep the emerging forces in check.
귀를 솜으로 틀어막아.,I plug my ears with cotton.
단어의 형성 방법,methods of word formation
일회용 종이 기저귀,disposable paper diapers
생생한 현장 묘사,a vivid on-site description
개를 두드려 팼어.,I beat the dog.
유골을 강물에 뿌렸어.,I scattered the ashes in the river.
꼬리 아홉 달린 여우,a nine-tailed fox
인삼을 꿀에 쟁입니다.,I preserve ginseng in honey.
쇠고기 국이 뻑뻑했어.,The beef soup was thick and pasty.
사교육 실태 조사,a survey of the state of private education
가슴에 불만이 차올라.,Dissatisfaction fills my chest.
문학상 당선 작가,an author who won a literary prize
불쾌한 냄새가 나.,There's an unpleasant smell.
위험이 눈앞에 닥쳐.,Danger is right in front of me.
용돈을 남겨 저금했어요,I saved some of my allowance
굴곡이 심한 해안선,a highly indented coastline
난국 타개의 숙제,the task of overcoming the crisis
신형 무기로 무장했어요,I was armed with new weapons
떡을 덥석 베어 물어,I take a big bite of the rice cake
무역 업무를 다뤄,I handle trade work
지방 섭취를 줄였습니다,I reduced fat intake
정년 퇴임을 맞이해,I reach mandatory retirement
칡덩굴이 발에 거쳤어요,A kudzu vine caught on my foot
이 종이는 양질이야,This paper is high quality
칫솔로 이를 닦습니다,I brush my teeth with a toothbrush
홍수로 제방이 무너졌어,The levee collapsed because of the flood
오곡이 무르익는 옥토,fertile land where the five grains ripen
아이를 어린이집에 보내,I send the child to daycare
눈빛이 파란 고양이,a cat with blue eyes
달칵 문이 잠겼어요,The door clicked shut
자기력의 반발 현상,the repulsion phenomenon of magnetism
족발을 삶아 먹었어요,I boiled pig's feet and ate them
음식을 울컥 토합니다,I suddenly vomit the food
최우선 순위를 뒀어요,I gave top priority
교복을 물려 입어요,I wear a hand-me-down school uniform
얼굴이 각이 졌어,The face became angular
자원 재활용 정책,a resource recycling policy
본의 아니게 폐를 끼쳐,I cause trouble unintentionally
한료한 휴일 오후,a calm holiday afternoon
후궁을 왕비로 책봉해요,I appoint the concubine as queen
기존 방침을 따라,I follow the existing policy
등받이가 없는 의자,a chair without a backrest
민족사의 바른 좌표,the proper bearings of national history
감사의 뜻을 표했습니다,I expressed gratitude
네년 이름이 뭐냐?,What's your name you wench?
계산이 정확하고 빨랐어,The calculation was accurate and fast
남북한의 서신 왕래,the exchange of correspondence between South and North Korea
역사상으로 중요한 일,an event important in history
짐짓 모른 체합니다,I pretend not to know on purpose
우는 아이를 달랬어,I soothed the crying child
나비야 이리 온!,Butterfly come here!
고집이 대단히 세,The stubbornness is very strong
딱딱한 나무 의자,a hard wooden chair
바람이 더욱 거세져요,The wind grows even stronger
직원 단합 운동회,a staff unity sports day
나물을 캐러 갔어요,I went to pick herbs
국자로 국을 떠요,I scoop soup with a ladle
방역 대책을 세웠어,I set up quarantine measures
시설물 분산 배치,the distributed placement of facilities
세계 기록 작성자,a world record author
그까짓 일로 울다니,Crying over such a thing.
문화 유적 훼손 실태,the state of damage to cultural heritage
후보 지명 수락 연설,an acceptance speech for the nomination
사회 제도의 개변,reform of social systems
선사 유물 전시관,a prehistoric artifacts exhibition hall
아낌없는 찬사를 보내,I send unstinting praise
인마 너나 잘해,Hey worry about yourself.
까맣게 질린 얼굴,a face gone pale
풍선이 펑 터져요,The balloon pops
제도의 보완 작업,work to improve the system
길가에 굴러다니는 돌,a stone lying around on the roadside
빈번한 사건 발생,frequent incidents occurring
남의 나라를 짓밟았어,We trampled another country
밥을 먹지 않아요,I don't eat
코끝에 맺힌 땀방울,a bead of sweat on the tip of the nose
엔진 오일 교환 시기,time to change the engine oil
어제 한 일의 되풀이,a repeat of what was done yesterday
폭발로 굴이 매몰돼,The cave gets buried by the explosion
고정 관념을 허물어요,We break down stereotypes
객지를 떠다니는 처지,a situation of drifting from place to place in a strange land
매진 사태를 빚었어요,It led to a sellout
미성년자 관람 불가,No minors admitted.
출혈이 심한 환자,a patient with severe bleeding
밤새도록 몸을 뒤척여,I toss and turn all night
마음의 빚을 갚았어,I repaid a debt of gratitude
생명력이 강한 식물,a plant with strong vitality
목표의 초과 달성,exceeding the target
실패에 실을 감았어,I wound thread onto a spool
멀리 바다가 뵈는 집,a house with the sea visible in the distance
덩치가 우람한 사내,a burly man
이마에 손을 얹어,I place my hand on my forehead
회복 불능인 상태,an irrecoverable state
구청에 민원을 내,I file a complaint with the district office
운세가 크게 떨쳐요,Good fortune flourishes greatly
남의 돈을 넘봤어요,I coveted someone else's money
장래가 유망한 청년,a promising young man
고전적 수업 방식,a classical teaching method
아차 깜박 잊었네,Oh I completely forgot.
하반기 결산 보고,second-half financial report
선생님 말씀에 순종해,I obey the teacher's words
원활한 사회 적응,smooth social adaptation
부채를 쫙쫙 폈어요,I spread the fan wide
뺨을 찰싹 갈겨요,I slap the cheek
마음을 굳게 다잡아요,I steel my mind
활동에 불편리한 복장,clothes inconvenient for activity
음흉한 미소를 지어,I wear a sly smile
급박한 상황 변화,a sudden urgent change in the situation
차원이 낮은 영화,a low-brow movie
우리별 1호 발사,Launch of Our Star 1
자유주의 헌법 정신,the liberal spirit of the constitution
낚싯밥에 걸려든 붕어,a crucian carp caught by bait
뽀얗게 흙먼지가 일어,A pale dust cloud rises
냉혹한 현실에 부딪혀,I run into harsh reality
수사 기관의 검증,verification by investigative authorities
눈부신 활약을 해,I put on a dazzling performance
책을 또박또박 읽어,I read the book clearly
농담으로 하는 말,something said as a joke
질문에 합당한 답변,an answer appropriate to the question
냉전 사상의 주입,indoctrination of Cold War ideology
봉건 사회의 성립,the establishment of a feudal society
선교 활동을 펼쳤어요,I carried out missionary activities
온몸이 꽁꽁 얼었어,My whole body froze stiff
사전 구속 영장 발부,issuance of a pretrial detention warrant
무력에 의한 침략,aggression by force
초가삼간 외딴 오두막,a solitary thatched hut
갱에 들어가는 광부들,miners entering the pit
거품을 걷어내고 있어,I'm skimming off the foam
흔히 일어나는 사건,a commonly occurring incident
나이보다 숙성한 아이,a child mature beyond their age
실습 위주의 교육,practice-oriented education
고무가 달린 연필,a pencil with an eraser
추수가 한창인 논,a rice paddy in the middle of harvest
매일 똑같은 생활,the same routine every day
땀 흘려 지은 농작,crops raised with sweat and toil
천둥이 우는 소리,the rumble of thunder
청약 예금 가입자,a housing subscription savings account subscriber
이제 어지간히 해라,That's enough now.
매상이 곱이나 올라요,Sales rise severalfold
음식 솜씨가 쏠쏠했어,My cooking skills were pretty good
섬세한 장면 묘사,delicate scene description
악당과 결전을 벌여요,I fight a decisive battle with the villain
본디부터 타고난 성품,an innate character
자존심이 상하는 일,something that hurts one's pride
총탄 세례를 받았어요,I came under a hail of bullets
팔을 붕대로 휘감아요,I wrap my arm with a bandage
불의에 찾아온 재난,a sudden unexpected disaster
제발 살려 주세요,Please save me.
집안의 법도를 따라요,I follow the family's rules
적성에 맞는 일을 해,I do work that suits my aptitude
먼지를 툭툭 털어요,I shake off the dust
외부 세계와 단절돼요,I'm cut off from the outside world
무소속 국회 의원,an independent National Assembly member
웃는 모습이 섹시해,The smile looks sexy
허리가 구부러진 노파,an old woman with a bent back
아따 말도 많네,Gee you sure talk a lot.
에그 저게 뭐야!,Oh what's that!
파도가 바위를 때려요,Waves hit the rocks
노동에 의한 소득,income from labor
나 지금 정말 졸려,I'm really sleepy right now.
서류를 박박 찢었어,Tore the documents to shreds
학술 논문 등재 기준,criteria for listing academic papers
졸업을 한 달 앞둬,Graduation is a month away
조사를 확실히 했어,Carried out the investigation thoroughly
강둑에 토사가 쌓여,Sediment builds up on the riverbank
얼굴에 홍조를 띠어요,There's a flush on the face
트럭 두 대 분량,the equivalent of two truckloads
그럼 어떻게 하지?,Then what should we do?
남녀 차별을 없애,Get rid of gender discrimination
으응 이제 한결 나아,Mm-hm I feel a lot better now.
낙동강 중류 연안,the middle reaches of the Nakdong River
국군에게 포착된 공비,a guerrilla captured by the ROK army
저것을 좀 보십시오,Please take a look at that.
문을 딸까닥 열었어요,Opened the door with a click
제도적 장치를 마련해,Set up institutional measures
외환 보유를 허용해,Allow foreign currency holdings
나 역시 마찬가지였어,I was the same too
경제 분야의 전문가,an expert in the field of economics
그거 좀 가져와 봐,Bring that here.
엥 내가 왜 그랬지?,Huh why did I do that?
허리선이 강조된 옷,clothes that emphasize the waistline
슬기로 빛나는 눈,eyes shining with wisdom
시큼한 김치 냄새,the sour smell of kimchi
고소를 금치 못했어요,Couldn't help but file a complaint
저택의 객실에 묵어,Stay in the guest room of the mansion
컵에 물을 따랐어요,Poured water into the cup
흥미 위주의 오락물,entertainment focused on excitement
기미 독립 선언서,the Gimi Declaration of Independence
정부에 땅을 팔아,Sell the land to the government
후회 없는 삶을 살아,Live a life without regrets
수사를 맡은 형사,the detective in charge of the investigation
이불을 탈탈 털어요,Shake out the blanket
시골의 장날 풍경,the scene on a market day in the countryside
거울 속에 비친 얼굴,a face reflected in the mirror
여론의 질타를 받아요,Receive public criticism
바보 취급을 당해,Get treated like a fool
진솔한 대화를 나눠,Have an honest conversation
야생 동물의 왕국,the kingdom of wild animals
입사 시험 탈락자,an applicant who failed the hiring exam
밤낮 놀기만 해요,Do nothing but play day and night
어려움을 함께한 친구,a friend who shared hardships
논에 물을 가둬요,Hold water in the rice paddy
기득권을 갖고 있어,Have vested interests
지극히 담담한 표현,an extremely matter-of-fact expression
고향 생각이 났어,I thought of my hometown
장독 뚜껑을 열어,I open the lid of the sauce jar
무보다 문을 중시해,I value learning over martial arts
따가운 여름 햇살,the scorching summer sun
공원에 개똥이 많아,There is a lot of dog poop in the park
과일을 넣은 빙수,bingsu with fruit
차갑게 식은 커피,coffee gone cold
생후 8개월 된 아기,an eight-month-old baby
손쉬운 해결 방법,an easy solution
벽에서 못이 뽑혀요,A nail comes out of the wall
월척에 가까운 붕어,a crucian carp nearly a trophy catch
국회 의원 보좌관,a National Assembly member's aide
그냥 주는 거니?,Are you just giving it to me?
출발 시간의 지연,a delay in departure time
욕먹을 짓을 했어요,I did something that got me cursed at
숨을 깊이 들이마셔,I take a deep breath in
문장 성분의 생략,Omission of sentence elements
매사에 정확을 기해,I strive for accuracy in everything
살점을 베어 냈어요,I cut off a piece of flesh
후속 조치가 따랐어,Follow-up measures followed
실력을 충분히 발휘해,I fully demonstrate my ability
끔찍한 살인 사건,A terrible murder case
방문을 닫고 다녀라,Close the door as you go
주문이 끊이지 않아,Orders never stop
정답을 알려 줘요,I tell you the correct answer
그 일이 있은 직후,Right after that happened
하수도 구멍이 메여요,The sewer hole gets clogged
큰 영예가 주어져요,A great honor is given
수레에 깔려 다쳤어,I was injured after being run over by a cart
사전 심의를 거쳤어,It went through prior review
끝없는 갈등의 연속,A continuous string of endless conflicts
세세하게 일러 줘요,I explain it in detail
확신에 찬 목소리,A voice full of conviction
생명 창조의 신비,The mystery of the creation of life
입씨름 좀 그만둬라,Stop bickering already
화려한 도회지 생활,A glamorous city life
유럽 연합 회원국,A member state of the European Union
벽난로에 불을 지펴,I light the fireplace
학장 취임식을 거행해,We hold the dean's inauguration ceremony
눈치를 힐끗 살펴,I take a quick look to read the room
금융 실명제 청문회,A hearing on the financial real-name system
평일과 다른 분위기,A different atmosphere from weekdays
엄마 응가 마려워요,Mom I need to poop
눈에 서투른 남정네,An awkward-looking man
미성년자 입장 불가,No entry for minors
무분별한 국토 개발,Indiscriminate land development
제도 개편을 단행했어,We carried out institutional reform
주위가 조용한 집,A house with quiet surroundings
40대 남성 고객,A male customer in his 40s
허허 안 될 말이지,Well that's not acceptable
근래에 보기 드문 일,Something rarely seen lately
연둣빛 새순이 돋아요,Light green new shoots sprout
파도가 바위에 부딪쳐,The waves crash against the rocks
방송국 연말 시상식,The TV station's year-end awards ceremony
괴상하게 생긴 장난감,A weird-looking toy
실패를 교훈으로 삼아,I take failure as a lesson
소방차 사이렌 소리,The sound of a fire engine siren
벽에 콱 부딪쳐요,I slam into the wall
서로 친하게 지내요,We get along well with each other
담배 대여섯 개비,Five or six cigarettes
정신이 반짝 들어요,I suddenly come to my senses
그저 네가 참아라,Just put up with it
불법 영업 중점 단속,A targeted crackdown on illegal business operations
포근한 햇솜 이불,A cozy cotton batting quilt
마을과 동떨어진 집,A house isolated from the village
술이 감칠맛이 있어요,The liquor has a savory flavor
모두 같이 갔어요,We all went together
폭염이 기승을 부려,The heat wave is raging
색다른 견해가 제기돼,A different view is raised
쌀을 씻어 안쳐요,I wash the rice and set it to cook
아침 운동에 나섰어요,I went out for morning exercise
구청에 청원을 냈어,I filed a petition with the district office
엄마 아가가 막 울어,Mom the baby is crying
음미할 만한 이야기,A story worth savoring
말에 굴레를 씌웠어,I put a bridle on the horse
부동산 시장 침체,A real estate market slump
당부의 말을 남겨,I leave a request
침대 밑에 기어들어,I crawl under the bed
지기를 싫어하는 성미,A temperament that hates losing
극장 안에 들어갔어요,I went into the theater
복장 검사를 했습니다,We conducted a dress inspection
경애와 신의를 바쳤어,I devoted respect and loyalty
생선을 소금에 절였어,I salted the fish
감격의 눈물을 흘려,I shed tears of emotion
온화한 성품의 소유자,A person with a gentle disposition
사죄의 뜻을 비쳐요,I express my intention to apologize
월동 준비를 서둘러,I hurry the preparations for winter
늪에서 자라는 식물,Plants that grow in a swamp
방울이 달랑 울렸어,The bell jingled
귀가 시간이 늦습니다,I get home late
흰색 수컷 호랑이,A white male tiger
이상향에 대한 동경,A longing for an ideal world
어찌 벌써 가시오?,Why are you leaving already?
우리의 전통 가락,Our traditional melody
사업이 첨에는 잘됐어,The business did well at first
외교 관계의 격하,Downgrading of diplomatic relations
딸에게 약을 먹였어요,I gave my daughter the medicine
학교 부근의 주민들,Residents near the school
사람을 물에 빠뜨렸어,I made someone fall into the water
장밋빛으로 물든 하늘,A sky tinted rosy
수익률이 높은 상품,A high-yield product
동해에 떠오르는 태양,The sun rising over the East Sea
장기 집권을 합니다,I stay in power for a long time
한 쌍의 젊은 남녀,A pair of young man and woman
올림픽 기념 건조물,An Olympic commemorative structure
굳게 맞물린 입술,Tightly pressed lips
그는 성격이 대담해요,He has a bold personality
정치에 무관심한 사람,A person indifferent to politics
언뜻 기억이 나,I remember it faintly
아휴 정나미 떨어져,Ugh I feel so put off
손톱 손질을 했어요,I did my nails
힘차게 뻗은 산줄기,A mountain range stretching powerfully
갯벌에서 굴을 캐요,I dig up oysters in the tidal flats
한밤의 깊은 정적,The deep silence of midnight
체질에 맞는 보약,A tonic suited to one's constitution
멋을 한껏 부렸어요,I dressed up as much as I could
인질을 풀어 줘요,I release the hostage
머릿속에 담아 뒀어요,I kept it in my head
적의 증원을 막았어요,I blocked the enemy's reinforcements
문을 세차게 닫습니다,I slam the door
약을 발끈 올려요,I suddenly get riled up
그는 항상 바빴어요,He was always busy
이삿짐은 다 쌌니?,Have you finished packing for the move?
불출마 의사를 밝혔어,I announced I wouldn't run
근본 원칙에 어긋났어,It went against the fundamental principles
적합 여부를 묻습니다,I ask whether it's suitable
세계 각지를 여행해요,I travel around the world
헐렁하고 얇은 코트,A loose thin coat
신작 소설을 펴내요,I publish a new novel
길에서 돈을 주웠어요,I picked up money on the street
꿈에 귀신이 나타나,A ghost appears in my dream
생산성이 큰 접사,A highly productive affix
한국어 말하기 대회,Korean speech contest
한가로이 그린 만화,A comic drawn leisurely
하염없이 흐르는 눈물,Tears flowing endlessly
일제의 한반도 강점,Japan's occupation of the Korean Peninsula
새로운 야당의 출범,The launch of a new opposition party
팔을 나에게 뻗어라,Stretch out your arm to me
사고방식이 서로 달라,Their ways of thinking are different
옆집에 놀러 가,I go over to the next-door neighbor's to hang out
시민 계급의 성장,The growth of the citizen class
수탉이 홰를 쳐요,The rooster flaps its wings on the roost
낚시를 물에 드리웠어,I lowered the fishing line into the water
장난기가 서린 눈,Eyes full of mischief
예술과 철학의 공통점,The common ground between art and philosophy
고함 소리가 굉장해,The shouting is intense
왕의 덕을 찬양했어,I praised the king's virtue
선물을 소포로 부쳐,I send the gift as a parcel
야음을 틈탄 기습,A surprise attack under cover of night
낡은 구두를 수선해,I repair the old shoes
일직선으로 뻗은 길,A road stretching in a straight line
전화 사용량이 늘었어,Phone usage increased
자신의 몸을 자해해,I self-harm
암살을 부려 결석해요,I skip class to carry out an assassination
이것 참 별맛인데,This really tastes unusual
비석에 비문을 새겨,I inscribe an epitaph on the memorial stone
한지에 먹이 펴,Ink blooms on hanji
참빗으로 서캐를 훑어,I comb out the nits with a fine-toothed comb
술병을 깨끗이 비워,I empty the bottle completely
미궁 속을 헤맸어요,I wandered in the labyrinth
너 말고 네 친구,Your friend not you
그럼 모레 오시지요,Then come the day after tomorrow
프린터의 인자 속도,The printer's printing speed
얼굴형에 맞는 화장법,A makeup method suited to your face shape
신자를 배워 익혀,I learn and master new characters
외국에 대한 선입견,Prejudice against foreign countries
외장을 단단히 했어,I reinforced the exterior
학급 간부를 뽑았어요,We elected class officers
학기말 시험 채점,Grading end-of-term exams
언행에 가식이 없었어,There was no pretense in their words or actions
군사 시설 은폐 작전,An operation to conceal military facilities
국산 상표가 붙었어요,A domestic label was attached
군중의 열렬한 환호성,The crowd's enthusiastic cheers
물질 만능의 시대,An age of materialism
임금을 일급으로 받아,I get my wages daily
초조의 빛을 띠었어,I showed signs of anxiety
낭자에다 비녀를 꽂아,I stick a hairpin in the young lady's hair
지급 전보를 쳤어,I sent a payment telegram
저울로 무게를 달아,I weigh it on a scale
차세대를 겨냥한 상품,Products aimed at the next generation
자비로 책을 출판해요,I publish a book at my own expense
한눈에 쏙 들어와요,It stands out at a glance
달에 착륙한 우주선,A spacecraft that landed on the moon
정기 연주회가 열려,The regular recital is held
예술에도 정석이 있어,Even art has proper rules
귓불이 촉 처져요,The earlobes droop
차량의 원활한 소통,Smooth traffic flow
인체에 해로운 물질,Substances harmful to the human body
적의 함정에 빠져요,We fall into the enemy's trap
색연필로 그림을 그려,I draw a picture with colored pencils
나에게 주어진 시간,The time given to me
근육질의 단단한 몸,A solid muscular body
태자 자리에 올라요,The position of crown prince is attained
자세를 고쳐 앉아요,One sits up straight
머리를 쿡쿡 쥐어박아,The head is repeatedly thumped
대학의 학사 운영,University academic administration
느낌을 글로 옮겨,Feelings are put into words
뚜껑을 솥에 덮었어,The lid was put on the pot
셈이 똑똑한 사람,A person good at arithmetic
얼핏 떠오르는 생각,A thought that briefly occurs
단상에서 연설을 했어,A speech was given on the podium
머릿골이 띵 울려요,My head is ringing
앳되고 청순한 얼굴,A youthful innocent face
분통에 담긴 가루분,Face powder in a powder jar
바닥에 금을 그었어요,A line was drawn on the floor
자취도 없이 사라져,It disappears without a trace
빈집을 혼자 지켰어요,The empty house was watched over alone
고국을 향한 그리움,Longing for one's homeland
그는 멀리 도망갔어요,He ran far away
경멸이 가득한 표정,An expression full of contempt
정체가 탄로 났어,The identity was exposed
세계 최강의 실력,The world's strongest ability
쨍쨍 내리쪼이는 햇볕,The blazing sun beating down
카드 사용 금액 합산,Total of card spending
검색어 순위 10위,10th in search term rankings
분수에 넘치는 사치,Extravagance beyond one's means
내일이 내 생일입니다,Tomorrow is my birthday
냉전 시대의 종결,The end of the Cold War era
열악한 노동 조건,Poor working conditions
문식이 뛰어난 문장,A well-written sentence
수업에 필요한 물품,Supplies needed for class
다른 부서로 옮겨요,A transfer to another department is made
앞바퀴 구동 형식,Front-wheel drive type
굶주린 배를 채워요,A hungry stomach is filled
흰 눈이 펄펄 내려요,White snow falls in flurries
모자를 꾹꾹 눌러써,A hat is pulled down snugly
그가 이끄는 정당,The political party he leads
석양에 타는 저녁놀,The evening glow burning in the sunset
성폭력 예방 대책,Measures to prevent sexual violence
말을 거들고 나섰어요,Someone chimed in to support the argument
외교관 납치 사건,The diplomat kidnapping incident
중독성이 강한 마약,Highly addictive drugs
암컷이 알을 낳았어요,The female laid eggs
가슴을 뜨겁게 달궈,It warms my heart
간격을 좁혀 앉았어요,We sat closer together
옷감의 때깔이 고왔어,The fabric's color was lovely
벽에 액자를 걸어요,I hang a picture frame on the wall
아기를 품에 안았어,I held the baby in my arms
기적적 경제 성장,Miraculous economic growth
저수지 물의 방류,Release of reservoir water
여행 비용을 부담해요,I cover the travel expenses
무자비한 토벌 작전,A ruthless suppression operation
사랑의 고백을 받아요,I receive a love confession
많은 희생자를 냈어요,It caused many casualties
용수철이 탕 튀었어,The spring popped up with a bang
종종 일어나는 일,A frequent occurrence
공장의 생산 실적,The factory's production performance
문을 똑똑 두드렸어요,I knocked on the door
소설의 결말 부분,The ending part of the novel
담배를 빡빡 피웠어,I smoked heavily
미온적인 대처 방안,A lukewarm response plan
배움에 대한 갈망,A thirst for learning
태권도 품띠를 따요,I earn a Taekwondo poom belt
뜻밖의 이변이 일어나,An unexpected upset happens
국회 의원 당선자,An elected member of the National Assembly
상대 팀을 압도했어요,We overwhelmed the opposing team
톡톡 불거진 여드름,Raised pimples
창의적 방법을 고안해,I devise a creative method
바다에 풍덩 빠졌어,I splashed into the sea
자판기에 투입된 동전,Coins inserted into a vending machine
자유의 몸이 돼,I become free
남의 돈을 집어삼켰어,I swallowed someone else's money
타격 연습을 해,I do batting practice
음식물 반입 금지,No outside food allowed
한 달간의 지출 명세,A statement of one month's expenses
정성이 드러나는 선물,A gift that shows care
교육 기회의 평등,Equality of educational opportunity
차에 치일 뻔했습니다,I almost got hit by a car
시간별 달의 고도,The moon's altitude by hour
태도가 분명한 사람,A person with a clear attitude
얼씨구 잘들 놀았어,Well now you all had fun
커피에 설탕을 넣어요,I put sugar in the coffee
목재로 만든 소반,A small wooden dining table
거래소 상장 기업,A company listed on the exchange
힘 닿는 한 도와주마,I'll help as much as I can
삼각형으로 생긴 딱지,A triangle-shaped paper tile
은행에 돈을 저축했어,I saved money in the bank
과거사에 대한 기록,Records of past events
에잇 듣기 싫었어,Ugh I didn't want to hear it
삼 정보 미만의 농지,Farmland of less than three jeongbo
초속 8m의 서북풍,A northwesterly wind of 8 m/s
두 낱말을 비교해요,I compare the two words
친구를 방에 들입니다,I let my friend into the room
방금 전에 난 소리,The sound that just happened
놀라운 광경의 전개,The unfolding of an astonishing scene
시집에 아이를 맡겼어,I left the child with my in-laws
과반수에 못 미쳤어,It fell short of a majority
습하고 어두운 지하실,A damp dark basement
숭늉의 구수한 맛,The savory taste of scorched-rice tea
게살로 만든 어묵,Fish cake made with crab meat
과학 연구자의 자질,The qualities of a scientific researcher
앞장서 가는 골목대장,The alley boss leading the way
중요한 직책을 맡아,I take an important post
아래가 퍼진 스커트,A skirt flaring out at the bottom
사진을 앨범에 보관해,I keep the photos in the album
그는 아직 청춘이었어,He was still in his youth
무허가 건물 철거,Demolition of an unlicensed building
현금의 정치 모습,The face of cash politics
적절하지 못한 행동,Inappropriate behavior
탄력 있는 목소리,A springy lively voice
친구 집에 들러요,I stop by my friend's place
바둑에 대한 애정,Affection for the game of go
돌이킬 수 없는 실수,An irreparable mistake
비웃는 어조로 말했어,I spoke in a mocking tone
골동품 대접을 받아,I get treated like an antique
도덕성 회복 운동,A moral restoration movement
비행기의 양쪽 날개,Both wings of an airplane
책의 배열이 정연했어,The arrangement of the books was orderly
풍부한 어휘 구사,Rich use of vocabulary
남의 작품을 모방했어,I imitated someone else's work
성냥 한 갑을 사요,I buy a box of matches
암탉에게 알을 안겨요,I set the hen on the eggs
그는 사람됨이 착해,He's a good person
사기 행각을 벌였어,I carried out a fraud scheme
견딜 수 없는 죄책감,Unbearable guilt
정성스럽게 차린 밥상,A lovingly prepared table of food
아늑한 봄날의 오후,A cozy spring afternoon
연필이 잘 깎였어요,The pencil sharpened well
수면에 반사되는 불빛,Light reflected on the water surface
특이한 관점을 지녀,I hold a unique perspective
재기 발랄한 젊은이들,Bright lively young people
공지 사항을 알려요,I announce the notice
운동장 정지 작업,Playground leveling work
소름이 으쓱 끼쳤어,Goosebumps ran over me
수호 관계를 맺었어,I formed a protective relationship
그는 다소 야위었어요,He had gotten somewhat thinner
면역 체계의 활성화,Activation of the immune system
학술지 수록 논문,A paper published in an academic journal
남에게 무시를 당해요,I get looked down on by others
개성의 과감한 표출,A bold expression of individuality
안녕 또 만나자,Bye see you again
매일 되풀이되는 일,Something repeated every day
나무 모양 책꽂이,A tree-shaped bookshelf
당신의 아내 보냄,Seeing your wife off
조금 기다려 주세요,Please wait a moment
예사롭지 않은 징조,An unusual sign
영웅 대접을 받아,I get treated like a hero
1학년 3반 반장,Class president of Class 3 first year
타고난 능력과 소질,Innate ability and aptitude
아이를 등에 업어요,I carry the child on my back
눈을 지그시 감았어요,I gently closed my eyes
채로 종아리를 쳐요,I hit the calf with a switch
노사 분규 완전 타결,Complete settlement of a labor-management dispute
태풍이 닥칠 징후,Signs of an approaching typhoon
책가방을 어깨에 멨어,I slung the schoolbag over my shoulder
그 당시를 회상합니다,I recall that time
그는 내 친아우야,He's my real younger brother
기억에 오래 남았어요,It stayed in my memory for a long time
일이 간단히 끝났어요,The work ended simply
그분은 자손이 많으셔,That person has many descendants
인도에 벗어나는 행동,Inhumane behavior
허공 속으로 사라졌어,It disappeared into thin air
속이 들어찬 배추,A cabbage packed full
항공기의 비행 궤적,An aircraft's flight trajectory
흘긋 눈을 흘겨요,I give a quick sidelong glance
경구용 고형 제제,Oral solid dosage form
바탕이 거친 옷감,Fabric with a rough texture
계속 쏟아지는 폭우,Torrential rain pouring down continuously
경찰에게 길을 물었어,I asked the police for directions
산수를 그린 병풍,A folding screen painted with landscapes
한 해를 마감합니다,We wrap up the year
매년의 성장 기록,Annual growth records
정에 손등을 쬐어요,I warm the back of my hand over the brazier
여우에게 먹힌 닭,A chicken eaten by a fox
돌밭을 옥토로 가꿔요,I cultivate the rocky field into fertile soil
공작이 꽁지를 펴요,The peacock spreads its tail
젖은 바지를 갈아입어,I change out of the wet pants
영수증을 써 줘,I write you a receipt
글씨를 꼭꼭 눌러썼어,I wrote the letters with firm strokes
감성 충만 콘서트,An emotion-filled concert
모자를 반듯하게 써요,I wear my hat straight
배낭을 등에 짊어져,I shoulder the backpack
새 학기를 시작했어요,I started the new semester
그와 손을 맞잡아요,I clasp hands with him
원방에서 오신 손님,A guest from afar
잡초만 무성한 폐허,Ruins overgrown with weeds
톡 쏘는 청량음료,A tangy fizzy soft drink
착 달라붙는 바지,Tight-fitting pants
방문객이 줄을 이었어,Visitors lined up one after another
푸른색으로 뒤덮인 산,A mountain blanketed in green
초음파 영상 진단기,Ultrasound imaging diagnostic device
아기가 젖을 팠어,The baby dug at the breast
남의 돈을 삼켰어,I swallowed someone else's money
뼛속을 파고드는 추위,Bone-piercing cold
추위에 벌벌 떨었어,I shivered from the cold
가을은 독서의 계절,Autumn is the season for reading
뜬금없이 무슨 소리요,What are you talking about out of the blue?
거짓말을 하면 못써,You mustn't lie
자연주의 문학의 거장,A master of naturalist literature
가죽 장갑 한 켤레,A pair of leather gloves
정상 정복에 성공했어,I succeeded in reaching the summit
파괴된 다리를 복고해,I restore the destroyed bridge
사업비 집행 계획,A project budget execution plan
서로의 허물을 감쌌어,We covered for each other's faults
분주한 서울 거리,Busy streets of Seoul
거미줄에 걸린 나방,A moth caught in a spider web
한없이 넓은 사막,An endless desert
짐의 무게를 지탱했어,I supported the weight of the load
작별 인사를 나눠,We exchange farewells
공부를 방해하지 마라,Don't disturb my studying
음식을 식탁에 차려,I place the food on the table
숨은 뜻을 몰랐어,I didn't know the hidden meaning
완성도가 높은 작품,A highly polished work
